Timestamp,Latitude,Longitude,Confidence
2025-06-13 12:17:45.403751,12.9719,77.5937,0.32724693417549133
2025-06-13 12:17:54.410321,12.9719,77.5937,0.40328356623649597
2025-06-13 12:17:55.432855,12.9719,77.5937,0.4002993702888489
2025-06-13 12:17:57.390894,12.9719,77.5937,0.3992037773132324
2025-06-13 12:17:58.504403,12.9719,77.5937,0.3703018128871918
2025-06-13 12:17:59.324565,12.9719,77.5937,0.8557828664779663
2025-06-13 12:17:59.951348,12.9719,77.5937,0.7035900950431824
2025-06-13 12:18:00.554652,12.9719,77.5937,0.491676926612854
2025-06-13 12:18:01.164075,12.9719,77.5937,0.3582908511161804
2025-06-13 12:18:02.091637,12.9719,77.5937,0.2733190059661865
2025-06-13 12:18:03.163804,12.9719,77.5937,0.6594584584236145
2025-06-13 12:18:03.738602,12.9719,77.5937,0.28282707929611206
2025-06-13 12:18:04.544989,12.9719,77.5937,0.8063157796859741
2025-06-13 12:18:05.159177,12.9719,77.5937,0.7746337652206421
2025-06-13 12:18:06.095906,12.9719,77.5937,0.9058096408843994
2025-06-13 12:18:06.913367,12.9719,77.5937,0.8628364205360413
2025-06-13 12:18:07.833754,12.9719,77.5937,0.9362475872039795
2025-06-13 12:18:08.666958,12.9719,77.5937,0.9326729774475098
2025-06-13 12:18:09.576141,12.9719,77.5937,0.8901476263999939
2025-06-13 12:18:10.500236,12.9719,77.5937,0.9173815250396729
2025-06-13 12:18:11.419093,12.9719,77.5937,0.6794911026954651
2025-06-13 12:18:12.443152,12.9719,77.5937,0.49312153458595276
2025-06-13 12:18:13.465897,12.9719,77.5937,0.26592138409614563
2025-06-13 12:18:15.194887,12.9719,77.5937,0.25682002305984497
2025-06-13 12:18:34.459982,12.9719,77.5937,0.5216027498245239
2025-06-13 12:18:36.803031,12.9719,77.5937,0.284616619348526
2025-06-13 12:18:40.398879,12.9719,77.5937,0.2651228904724121
2025-06-13 12:18:45.922702,12.9719,77.5937,0.25026294589042664
2025-06-14 11:20:35.933530,12.9719,77.5937,0.27435165643692017
2025-06-14 11:27:14.599232,12.9719,77.5937,0.45005130767822266
2025-06-14 11:27:16.430407,12.9719,77.5937,0.5239996314048767
2025-06-14 11:27:17.463910,12.9719,77.5937,0.32486817240715027
2025-06-14 11:27:18.887200,12.9719,77.5937,0.2685109078884125
2025-06-14 11:27:19.807424,12.9719,77.5937,0.289961040019989
2025-06-14 11:27:22.163867,12.9719,77.5937,0.3387351334095001
2025-06-14 11:27:23.086737,12.9719,77.5937,0.2565672993659973
2025-06-14 11:27:26.466261,12.9719,77.5937,0.5319502353668213
2025-06-14 11:27:29.751356,12.9719,77.5937,0.6575313210487366
2025-06-14 11:27:30.550901,12.9719,77.5937,0.301580548286438
2025-06-14 11:27:31.677697,12.9719,77.5937,0.5009216666221619
2025-06-14 11:27:32.915306,12.9719,77.5937,0.44471389055252075
2025-06-14 11:27:39.463373,12.9719,77.5937,0.44566312432289124
2025-06-14 11:27:44.896975,12.9719,77.5937,0.3702000081539154
2025-06-14 11:27:47.763662,12.9719,77.5937,0.6440598964691162
2025-06-14 11:27:49.711121,12.9719,77.5937,0.7968553900718689
2025-06-14 11:27:50.531025,12.9719,77.5937,0.30098092555999756
2025-06-14 11:27:53.090143,12.9719,77.5937,0.2963298261165619
2025-06-14 11:27:55.129389,12.9719,77.5937,0.3329814672470093
2025-06-14 11:27:56.468233,12.9719,77.5937,0.4076458811759949
2025-06-14 11:27:57.803972,12.9719,77.5937,0.4191918671131134
2025-06-14 11:28:00.871933,12.9719,77.5937,0.2551809251308441
2025-06-14 11:28:02.810554,12.9719,77.5937,0.32694005966186523
2025-06-14 11:28:03.432465,12.9719,77.5937,0.29817336797714233
2025-06-14 11:28:05.173022,12.9719,77.5937,0.3529958426952362
2025-06-14 11:28:06.162235,12.9719,77.5937,0.509797215461731
2025-06-14 11:28:08.648799,12.9719,77.5937,0.41131091117858887
2025-06-14 11:28:09.578068,12.9719,77.5937,0.6361473202705383
2025-06-14 11:28:10.395548,12.9719,77.5937,0.827024519443512
2025-06-14 11:28:11.113119,12.9719,77.5937,0.6398438215255737
2025-06-14 11:28:11.931917,12.9719,77.5937,0.7922813296318054
2025-06-14 11:28:12.546889,12.9719,77.5937,0.5428006649017334
2025-06-14 11:28:13.463601,12.9719,77.5937,0.46176308393478394
2025-06-14 11:28:14.388713,12.9719,77.5937,0.5376107692718506
2025-06-14 11:28:19.406467,12.9719,77.5937,0.318257212638855
2025-06-14 11:28:20.328932,12.9719,77.5937,0.2505687177181244
2025-06-14 11:28:21.344683,12.9719,77.5937,0.3561047315597534
2025-06-14 11:28:23.298930,12.9719,77.5937,0.4880412518978119
2025-06-14 11:28:24.179611,12.9719,77.5937,0.3263764977455139
2025-06-14 11:28:25.032229,12.9719,77.5937,0.3367614448070526
2025-06-14 11:28:26.063927,12.9719,77.5937,0.25807875394821167
2025-06-14 11:28:27.805555,12.9719,77.5937,0.2616454064846039
2025-06-14 11:28:29.954813,12.9719,77.5937,0.3716956079006195
2025-06-14 11:28:30.876447,12.9719,77.5937,0.480451375246048
2025-06-14 11:28:31.496208,12.9719,77.5937,0.445889949798584
2025-06-14 11:28:32.309836,12.9719,77.5937,0.3528059720993042
2025-06-14 11:28:33.231672,12.9719,77.5937,0.3669207692146301
2025-06-14 11:28:34.153729,12.9719,77.5937,0.775808572769165
2025-06-14 11:28:34.870776,12.9719,77.5937,0.4904182553291321
2025-06-14 11:28:35.782156,12.9719,77.5937,0.8352657556533813
2025-06-14 11:28:36.399254,12.9719,77.5937,0.7773272395133972
2025-06-14 11:28:37.020767,12.9719,77.5937,0.44580987095832825
2025-06-14 11:28:37.636580,12.9719,77.5937,0.3499097526073456
2025-06-14 11:28:38.554635,12.9719,77.5937,0.6132553219795227
2025-06-14 11:28:39.479422,12.9719,77.5937,0.5887148380279541
2025-06-14 11:28:40.500122,12.9719,77.5937,0.3001661002635956
2025-06-14 11:28:43.164780,12.9719,77.5937,0.2837451696395874
2025-06-14 11:28:44.088219,12.9719,77.5937,0.26324743032455444
2025-06-14 11:28:46.236979,12.9719,77.5937,0.4686258137226105
2025-06-14 11:28:46.749473,12.9719,77.5937,0.29832056164741516
2025-06-14 11:28:47.666061,12.9719,77.5937,0.30913394689559937
2025-06-14 11:28:48.490463,12.9719,77.5937,0.5571520328521729
2025-06-14 11:46:49.558703,12.9719,77.5937,0.25419560074806213
2025-06-14 11:46:56.627854,12.9719,77.5937,0.4511091709136963
2025-06-14 11:47:01.850962,12.9719,77.5937,0.2929771840572357
2025-06-14 11:47:04.306855,12.9719,77.5937,0.29634609818458557
2025-06-14 11:47:13.512134,12.9719,77.5937,0.36100417375564575
2025-06-14 11:47:17.519214,12.9719,77.5937,0.2636702358722687
2025-06-14 11:47:18.527696,12.9719,77.5937,0.8590131402015686
2025-06-14 11:47:19.255674,12.9719,77.5937,0.7694377899169922
2025-06-14 11:47:20.080111,12.9719,77.5937,0.6029478907585144
2025-06-14 11:47:20.896791,12.9719,77.5937,0.4520335793495178
2025-06-14 11:47:21.715961,12.9719,77.5937,0.26527929306030273
2025-06-14 11:47:22.431838,12.9719,77.5937,0.255901962518692
2025-06-14 11:47:23.868024,12.9719,77.5937,0.8321214318275452
2025-06-14 11:47:24.585017,12.9719,77.5937,0.382882297039032
2025-06-14 11:47:25.401960,12.9719,77.5937,0.3456208407878876
2025-06-14 11:47:26.530184,12.9719,77.5937,0.7326869964599609
2025-06-14 11:47:27.349143,12.9719,77.5937,0.399015873670578
2025-06-14 11:47:28.368389,12.9719,77.5937,0.8208209872245789
2025-06-14 11:47:29.184946,12.9719,77.5937,0.2858850061893463
2025-06-14 11:47:30.215991,12.9719,77.5937,0.5428754091262817
2025-06-14 11:47:31.243019,12.9719,77.5937,0.40512457489967346
2025-06-14 11:47:32.258797,12.9719,77.5937,0.902174711227417
2025-06-14 11:47:33.286361,12.9719,77.5937,0.89764803647995
2025-06-14 11:47:34.197908,12.9719,77.5937,0.9001874923706055
2025-06-14 11:47:35.234323,12.9719,77.5937,0.8735954165458679
2025-06-14 11:47:36.360157,12.9719,77.5937,0.9027698636054993
2025-06-14 11:47:37.378024,12.9719,77.5937,0.8992807865142822
2025-06-14 11:47:38.501453,12.9719,77.5937,0.8961729407310486
2025-06-14 11:47:39.539330,12.9719,77.5937,0.9022665023803711
2025-06-14 11:47:40.560697,12.9719,77.5937,0.8717877268791199
2025-06-14 11:47:41.376847,12.9719,77.5937,0.3409877419471741
2025-06-14 11:47:44.341614,12.9719,77.5937,0.3047017753124237
2025-06-14 11:47:45.372245,12.9719,77.5937,0.8845502734184265
2025-06-14 11:47:46.496376,12.9719,77.5937,0.8944120407104492
2025-06-14 11:47:47.417853,12.9719,77.5937,0.8637376427650452
2025-06-14 11:47:48.340635,12.9719,77.5937,0.7404656410217285
2025-06-14 11:47:50.798151,12.9719,77.5937,0.7360888123512268
2025-06-14 11:47:51.708272,12.9719,77.5937,0.6660476922988892
2025-06-14 11:47:52.423274,12.9719,77.5937,0.2779366374015808
2025-06-14 11:47:53.357432,12.9719,77.5937,0.7738280296325684
2025-06-14 11:47:54.177552,12.9719,77.5937,0.6995069980621338
2025-06-14 11:47:54.997291,12.9719,77.5937,0.6121513843536377
2025-06-14 11:47:55.817419,12.9719,77.5937,0.2818776071071625
2025-06-14 11:47:56.943939,12.9719,77.5937,0.41336068511009216
2025-06-14 11:47:57.967479,12.9719,77.5937,0.7600833177566528
2025-06-14 11:47:58.887072,12.9719,77.5937,0.7680037617683411
2025-06-14 11:47:59.709096,12.9719,77.5937,0.3886183202266693
2025-06-14 11:48:00.655066,12.9719,77.5937,0.8162811398506165
2025-06-14 11:48:01.449417,12.9719,77.5937,0.44078418612480164
2025-06-14 11:48:02.464034,12.9719,77.5937,0.789869487285614
2025-06-14 11:48:04.009797,12.9719,77.5937,0.42901235818862915
2025-06-14 11:48:05.032556,12.9719,77.5937,0.7795327305793762
2025-06-14 11:48:05.850574,12.9719,77.5937,0.3420313596725464
2025-06-14 11:48:06.670792,12.9719,77.5937,0.3095219135284424
2025-06-14 11:48:22.339970,12.9719,77.5937,0.25834599137306213
2025-06-14 11:48:25.296439,12.9719,77.5937,0.3020039200782776
2025-06-14 11:48:28.074106,12.9719,77.5937,0.25146499276161194
2025-06-14 11:48:29.302355,12.9719,77.5937,0.2675836384296417
2025-06-14 11:48:30.622757,12.9719,77.5937,0.4314268231391907
2025-06-14 11:48:43.732001,12.9719,77.5937,0.26469799876213074
2025-06-14 11:55:29.976066,12.9719,77.5937,0.890856921672821
2025-06-14 11:55:30.666821,12.9719,77.5937,0.8968613743782043
2025-06-14 11:55:31.307062,12.9719,77.5937,0.90997713804245
2025-06-14 11:55:32.024541,12.9719,77.5937,0.7170632481575012
2025-06-14 11:55:32.747368,12.9719,77.5937,0.7373525500297546
2025-06-14 11:55:33.251025,12.9719,77.5937,0.6085487604141235
2025-06-14 11:55:33.752699,12.9719,77.5937,0.5746424794197083
2025-06-14 11:55:34.272637,12.9719,77.5937,0.3859619200229645
2025-06-14 11:55:34.776036,12.9719,77.5937,0.26499003171920776
2025-06-14 11:55:35.603475,12.9719,77.5937,0.8597975373268127
2025-06-14 11:55:36.111203,12.9719,77.5937,0.48331743478775024
2025-06-14 11:55:36.838856,12.9719,77.5937,0.9009566307067871
2025-06-14 11:55:37.553177,12.9719,77.5937,0.8477568030357361
2025-06-14 11:55:38.270779,12.9719,77.5937,0.7661622762680054
2025-06-14 11:55:39.090033,12.9719,77.5937,0.734641432762146
2025-06-14 11:55:39.595523,12.9719,77.5937,0.6787421107292175
2025-06-14 11:55:40.007364,12.9719,77.5937,0.6387929320335388
2025-06-14 11:55:40.725648,12.9719,77.5937,0.8245129585266113
2025-06-14 11:55:41.136890,12.9719,77.5937,0.6972615718841553
2025-06-14 11:55:41.541931,12.9719,77.5937,0.6845695972442627
2025-06-14 11:55:41.942965,12.9719,77.5937,0.37835851311683655
2025-06-14 11:55:42.664340,12.9719,77.5937,0.895616352558136
2025-06-14 11:55:43.073773,12.9719,77.5937,0.7557364702224731
2025-06-14 11:55:43.596116,12.9719,77.5937,0.7540062665939331
2025-06-14 11:55:44.005011,12.9719,77.5937,0.4489208161830902
2025-06-14 11:55:53.626406,12.9719,77.5937,0.3996719717979431
2025-06-14 11:55:59.875579,12.9719,77.5937,0.6253330707550049
2025-06-14 11:56:00.657790,12.9719,77.5937,0.472422331571579
2025-06-14 11:56:01.297188,12.9719,77.5937,0.41664019227027893
2025-06-14 11:56:02.026462,12.9719,77.5937,0.46494153141975403
2025-06-14 11:56:03.052438,12.9719,77.5937,0.4639809727668762
2025-06-14 11:56:03.764040,12.9719,77.5937,0.39825743436813354
2025-06-14 11:56:04.491142,12.9719,77.5937,0.4807645082473755
2025-06-14 11:56:05.295704,12.9719,77.5937,0.6432825922966003
2025-06-14 11:56:10.425927,12.9719,77.5937,0.28308531641960144
2025-06-14 11:56:14.316088,12.9719,77.5937,0.2617369294166565
2025-06-14 11:56:19.845764,12.9719,77.5937,0.8477835655212402
2025-06-14 11:56:20.245890,12.9719,77.5937,0.7885866165161133
2025-06-14 11:56:20.658631,12.9719,77.5937,0.7232794165611267
2025-06-14 11:56:21.037806,12.9719,77.5937,0.5526328086853027
2025-06-14 11:56:21.572069,12.9719,77.5937,0.4909278452396393
2025-06-14 11:56:22.292943,12.9719,77.5937,0.8380215167999268
2025-06-14 11:56:22.701861,12.9719,77.5937,0.7610756754875183
2025-06-14 11:56:23.117030,12.9719,77.5937,0.6442827582359314
2025-06-14 11:56:23.521780,12.9719,77.5937,0.3215804100036621
2025-06-14 11:56:24.245865,12.9719,77.5937,0.8201339244842529
2025-06-14 11:56:24.659714,12.9719,77.5937,0.8080781698226929
2025-06-14 11:56:25.069333,12.9719,77.5937,0.7249292135238647
2025-06-14 11:56:25.581156,12.9719,77.5937,0.5394512414932251
2025-06-14 11:56:25.985277,12.9719,77.5937,0.47673067450523376
2025-06-14 11:56:26.696604,12.9719,77.5937,0.8632295727729797
2025-06-14 11:56:27.424685,12.9719,77.5937,0.8599596619606018
2025-06-14 11:56:28.139883,12.9719,77.5937,0.8187741637229919
2025-06-14 11:56:28.857784,12.9719,77.5937,0.8475029468536377
2025-06-14 11:56:29.574489,12.9719,77.5937,0.8451774716377258
2025-06-14 11:56:30.291785,12.9719,77.5937,0.8658995628356934
2025-06-14 11:56:30.898067,12.9719,77.5937,0.8144112825393677
2025-06-14 11:56:31.510748,12.9719,77.5937,0.719355583190918
2025-06-14 11:56:32.235551,12.9719,77.5937,0.7949997186660767
2025-06-14 11:56:32.645885,12.9719,77.5937,0.29182296991348267
2025-06-14 11:56:33.661298,12.9719,77.5937,0.8100066781044006
2025-06-14 11:56:34.169892,12.9719,77.5937,0.7000340819358826
2025-06-14 11:56:34.797596,12.9719,77.5937,0.6579788327217102
2025-06-14 11:56:35.205677,12.9719,77.5937,0.5786997079849243
2025-06-14 11:56:35.616214,12.9719,77.5937,0.2885797917842865
2025-06-14 11:56:36.026061,12.9719,77.5937,0.264821857213974
2025-06-14 11:56:36.665923,12.9719,77.5937,0.7716699242591858
2025-06-14 11:56:37.151481,12.9719,77.5937,0.6526263952255249
2025-06-14 11:56:37.560885,12.9719,77.5937,0.5946115851402283
2025-06-14 11:56:37.971558,12.9719,77.5937,0.34612810611724854
2025-06-14 11:56:38.382211,12.9719,77.5937,0.3454257845878601
2025-06-14 11:56:39.097975,12.9719,77.5937,0.7826727032661438
2025-06-14 11:56:39.497120,12.9719,77.5937,0.7721201181411743
2025-06-14 11:56:40.033828,12.9719,77.5937,0.6562404036521912
2025-06-14 11:56:40.426474,12.9719,77.5937,0.6294167041778564
2025-06-14 11:56:40.840667,12.9719,77.5937,0.32510894536972046
2025-06-14 11:56:41.248037,12.9719,77.5937,0.2607489228248596
2025-06-14 11:56:41.964145,12.9719,77.5937,0.8856013417243958
2025-06-14 11:56:42.375397,12.9719,77.5937,0.7394912242889404
2025-06-14 11:56:42.989239,12.9719,77.5937,0.7005769610404968
2025-06-14 11:56:43.491162,12.9719,77.5937,0.5437147617340088
2025-06-14 11:56:44.217863,12.9719,77.5937,0.9142042994499207
2025-06-14 11:56:44.923277,12.9719,77.5937,0.9174281358718872
2025-06-14 11:56:45.643664,12.9719,77.5937,0.909981906414032
2025-06-14 11:56:46.366377,12.9719,77.5937,0.9068343043327332
2025-06-14 11:56:47.073440,12.9719,77.5937,0.9066672921180725
2025-06-14 11:56:48.006953,12.9719,77.5937,0.25909361243247986
2025-06-14 11:56:49.950746,12.9719,77.5937,0.2584373354911804
2025-06-14 11:56:51.782457,12.9719,77.5937,0.3764719069004059
2025-06-14 11:56:52.510995,12.9719,77.5937,0.3961173892021179
2025-06-14 11:56:53.127428,12.9719,77.5937,0.4240249693393707
2025-06-14 11:56:53.843619,12.9719,77.5937,0.39369702339172363
2025-06-14 11:56:54.561831,12.9719,77.5937,0.4710296094417572
2025-06-14 11:56:55.175271,12.9719,77.5937,0.5699799060821533
2025-06-14 11:56:55.886446,12.9719,77.5937,0.5321413278579712
2025-06-14 11:56:56.609079,12.9719,77.5937,0.5594754219055176
2025-06-14 11:56:57.327058,12.9719,77.5937,0.5710121989250183
2025-06-14 11:56:58.041114,12.9719,77.5937,0.43343386054039
2025-06-14 11:56:58.861437,12.9719,77.5937,0.4491719603538513
2025-06-14 11:56:59.467886,12.9719,77.5937,0.8943929672241211
2025-06-14 11:56:59.986149,12.9719,77.5937,0.46385785937309265
2025-06-14 11:57:00.595301,12.9719,77.5937,0.5390834212303162
2025-06-14 11:57:01.320121,12.9719,77.5937,0.4127223491668701
2025-06-14 11:57:02.036956,12.9719,77.5937,0.8653675317764282
2025-06-14 11:57:04.090824,12.9719,77.5937,0.8860434889793396
2025-06-14 11:57:04.801003,12.9719,77.5937,0.7419392466545105
2025-06-14 11:57:05.526004,12.9719,77.5937,0.7127344012260437
2025-06-14 11:57:06.231833,12.9719,77.5937,0.866989016532898
2025-06-14 11:57:06.951743,12.9719,77.5937,0.8646724820137024
2025-06-14 11:57:07.666584,12.9719,77.5937,0.38728052377700806
2025-06-14 11:57:08.489391,12.9719,77.5937,0.3924052119255066
2025-06-14 11:57:10.431345,12.9719,77.5937,0.28066661953926086
2025-06-14 11:57:13.610185,12.9719,77.5937,0.3050650954246521
2025-06-14 11:57:15.656047,12.9719,77.5937,0.3203846514225006
2025-06-14 11:57:17.907907,12.9719,77.5937,0.301312118768692
2025-06-14 11:57:22.926324,12.9719,77.5937,0.4453703761100769
2025-06-14 11:57:23.641956,12.9719,77.5937,0.35550907254219055
2025-06-14 11:57:24.346652,12.9719,77.5937,0.3745483458042145
2025-06-14 11:57:25.074673,12.9719,77.5937,0.4798400104045868
2025-06-14 11:57:25.579620,12.9719,77.5937,0.33773764967918396
2025-06-14 11:57:26.308325,12.9719,77.5937,0.43021559715270996
2025-06-17 10:48:10.566921,13.9316,75.5679,0.4194580018520355
2025-06-17 10:48:11.233952,13.9316,75.5679,0.4102048873901367
2025-06-17 10:48:11.747878,13.9316,75.5679,0.39752498269081116
2025-06-17 10:48:12.128698,13.9316,75.5679,0.3145524263381958
2025-06-17 10:48:12.485785,13.9316,75.5679,0.25221455097198486
2025-06-17 10:48:12.988161,13.9316,75.5679,0.7439509630203247
2025-06-17 10:48:13.490089,13.9316,75.5679,0.2804124653339386
2025-06-17 10:48:14.209588,13.9316,75.5679,0.7109807133674622
2025-06-17 10:48:14.660396,13.9316,75.5679,0.7076531052589417
2025-06-17 10:48:15.139614,13.9316,75.5679,0.6075853109359741
2025-06-17 10:48:15.735381,13.9316,75.5679,0.7138031721115112
2025-06-17 10:48:17.244352,13.9316,75.5679,0.30413755774497986
2025-06-17 10:48:18.587945,13.9316,75.5679,0.2952912449836731
2025-06-17 10:48:21.094561,13.9316,75.5679,0.29159438610076904
2025-06-17 10:48:21.589648,13.9316,75.5679,0.45299869775772095
2025-06-17 10:48:21.991629,13.9316,75.5679,0.42832696437835693
2025-06-17 10:48:22.441201,13.9316,75.5679,0.5584511160850525
2025-06-17 10:48:22.776026,13.9316,75.5679,0.5353389978408813
2025-06-17 10:48:23.259930,13.9316,75.5679,0.6915900111198425
2025-06-17 10:48:23.577298,13.9316,75.5679,0.4852432608604431
2025-06-17 10:48:23.884118,13.9316,75.5679,0.3765612840652466
2025-06-17 10:48:24.252988,13.9316,75.5679,0.3663178086280823
2025-06-17 10:48:24.898917,13.9316,75.5679,0.5370425581932068
2025-06-17 10:48:25.332275,13.9316,75.5679,0.5208167433738708
2025-06-17 10:48:25.731235,13.9316,75.5679,0.2591581642627716
2025-06-17 10:48:26.301586,13.9316,75.5679,0.7714872360229492
2025-06-17 10:48:26.673352,13.9316,75.5679,0.6125944256782532
2025-06-17 10:48:27.025204,13.9316,75.5679,0.5175168514251709
2025-06-17 10:48:27.348492,13.9316,75.5679,0.2737780511379242
2025-06-17 10:48:27.949291,13.9316,75.5679,0.6433444619178772
2025-06-17 10:48:28.330478,13.9316,75.5679,0.3793429434299469
2025-06-17 10:48:28.806777,13.9316,75.5679,0.4706665575504303
2025-06-17 10:48:30.320191,13.9316,75.5679,0.5209010243415833
2025-06-17 10:48:30.820529,13.9316,75.5679,0.6538671255111694
2025-06-17 10:48:31.257862,13.9316,75.5679,0.5890099406242371
2025-06-17 10:48:31.687095,13.9316,75.5679,0.4933335483074188
2025-06-17 10:48:32.149179,13.9316,75.5679,0.48296815156936646
2025-06-17 10:48:33.026020,13.9316,75.5679,0.2649114727973938
2025-06-17 10:48:33.716747,13.9316,75.5679,0.4025270342826843
2025-06-17 10:48:34.388057,13.9316,75.5679,0.6981576681137085
2025-06-17 10:48:34.763605,13.9316,75.5679,0.5560161471366882
2025-06-17 10:48:35.098817,13.9316,75.5679,0.4442901611328125
2025-06-17 10:48:35.466350,13.9316,75.5679,0.372346967458725
2025-06-17 10:48:36.014858,13.9316,75.5679,0.5111878514289856
2025-06-17 10:48:36.491331,13.9316,75.5679,0.42600783705711365
2025-06-17 10:48:36.798861,13.9316,75.5679,0.40940508246421814
2025-06-17 10:48:37.144265,13.9316,75.5679,0.31751149892807007
2025-06-17 10:48:38.022031,13.9316,75.5679,0.2757470905780792
2025-06-17 10:48:38.425555,13.9316,75.5679,0.7936913371086121
2025-06-17 10:48:38.740239,13.9316,75.5679,0.6449255347251892
2025-06-17 10:48:39.065548,13.9316,75.5679,0.43347060680389404
2025-06-17 10:48:39.442589,13.9316,75.5679,0.25646328926086426
2025-06-17 10:48:39.941883,13.9316,75.5679,0.537066638469696
2025-06-17 10:48:40.265764,13.9316,75.5679,0.3361503779888153
2025-06-17 10:48:50.065731,13.9316,75.5679,0.27153635025024414
2025-06-17 10:48:54.059561,13.9316,75.5679,0.5288954973220825
2025-06-17 10:48:54.874407,13.9316,75.5679,0.5383527874946594
2025-06-17 10:48:57.439444,13.9316,75.5679,0.3477332293987274
2025-06-17 10:49:00.754531,13.9316,75.5679,0.25449663400650024
2025-06-17 10:49:06.482083,13.9316,75.5679,0.6542482376098633
2025-06-17 10:49:08.074220,13.9316,75.5679,0.25543317198753357
2025-06-17 10:49:08.520945,13.9316,75.5679,0.3393733501434326
2025-06-17 10:49:15.948359,13.9316,75.5679,0.3408585488796234
2025-06-17 10:49:16.618669,13.9316,75.5679,0.2822369337081909
2025-06-17 10:49:17.058413,13.9316,75.5679,0.41890549659729004
2025-06-17 10:49:17.489016,13.9316,75.5679,0.39536285400390625
2025-06-17 10:49:17.939329,13.9316,75.5679,0.3869006037712097
2025-06-17 10:49:18.286456,13.9316,75.5679,0.3250883221626282
2025-06-17 10:49:18.735908,13.9316,75.5679,0.32856714725494385
2025-06-17 10:49:19.173912,13.9316,75.5679,0.32573261857032776
2025-06-17 10:49:20.210073,13.9316,75.5679,0.3024738132953644
2025-06-17 10:49:22.315574,13.9316,75.5679,0.3430715799331665
2025-06-17 10:49:22.774073,13.9316,75.5679,0.5262998938560486
2025-06-17 10:49:23.200240,13.9316,75.5679,0.29709213972091675
2025-06-17 10:49:23.670061,13.9316,75.5679,0.2731451094150543
2025-06-17 10:49:24.122160,13.9316,75.5679,0.40784525871276855
2025-06-17 10:49:24.437220,13.9316,75.5679,0.2886282205581665
2025-06-17 10:49:24.902705,13.9316,75.5679,0.2512834668159485
2025-06-17 10:49:25.652092,13.9316,75.5679,0.396778404712677
2025-06-17 10:49:26.125784,13.9316,75.5679,0.2939980924129486
2025-06-17 10:49:26.908520,13.9316,75.5679,0.4882740080356598
2025-06-17 10:49:27.776802,13.9316,75.5679,0.5689241886138916
2025-06-17 10:49:28.439199,13.9316,75.5679,0.4585040211677551
2025-06-17 10:49:28.957755,13.9316,75.5679,0.3402218520641327
2025-06-17 10:49:30.171005,13.9316,75.5679,0.534212052822113
2025-06-17 10:49:30.837462,13.9316,75.5679,0.3459172248840332
2025-06-17 10:49:31.275416,13.9316,75.5679,0.43945202231407166
2025-06-17 10:49:31.769888,13.9316,75.5679,0.5194436311721802
2025-06-17 10:49:32.105832,13.9316,75.5679,0.2614436745643616
2025-06-17 10:49:32.559713,13.9316,75.5679,0.44635099172592163
2025-06-17 10:49:32.968749,13.9316,75.5679,0.2681785523891449
2025-06-17 10:49:33.407718,13.9316,75.5679,0.4110267460346222
2025-06-17 10:49:33.888495,13.9316,75.5679,0.33991122245788574
2025-06-17 10:49:34.318529,13.9316,75.5679,0.5230611562728882
2025-06-17 10:49:34.640225,13.9316,75.5679,0.46806126832962036
2025-06-17 10:49:35.271556,13.9316,75.5679,0.361717164516449
2025-06-17 10:49:35.696369,13.9316,75.5679,0.2729266881942749
2025-06-17 10:49:36.198891,13.9316,75.5679,0.3896480202674866
2025-06-17 10:49:36.686162,13.9316,75.5679,0.32045626640319824
2025-06-17 10:49:37.127695,13.9316,75.5679,0.5004772543907166
2025-06-17 10:49:37.588190,13.9316,75.5679,0.31962159276008606
2025-06-17 10:49:38.042573,13.9316,75.5679,0.35042044520378113
2025-06-17 10:49:38.472266,13.9316,75.5679,0.4106295108795166
2025-06-17 10:49:38.803934,13.9316,75.5679,0.3638962507247925
2025-06-17 10:49:39.264843,13.9316,75.5679,0.41335630416870117
2025-06-17 10:49:40.386475,13.9316,75.5679,0.361099511384964
2025-06-17 10:49:41.064319,13.9316,75.5679,0.3399622142314911
2025-06-17 10:49:42.434363,13.9316,75.5679,0.29846060276031494
2025-06-17 10:49:42.985020,13.9316,75.5679,0.3288111090660095
2025-06-17 10:49:43.471858,13.9316,75.5679,0.3494730293750763
2025-06-17 10:49:44.106751,13.9316,75.5679,0.266181617975235
2025-06-17 10:49:44.906655,13.9316,75.5679,0.3065768778324127
2025-06-17 10:49:45.236115,13.9316,75.5679,0.29653680324554443
2025-06-17 10:49:45.736964,13.9316,75.5679,0.3876284956932068
2025-06-17 10:49:46.269679,13.9316,75.5679,0.3033439815044403
2025-06-17 10:49:46.752019,13.9316,75.5679,0.47247982025146484
2025-06-17 10:49:47.207183,13.9316,75.5679,0.297109454870224
2025-06-17 10:49:47.648295,13.9316,75.5679,0.30333060026168823
2025-06-17 10:49:48.256974,13.9316,75.5679,0.3057009279727936
2025-06-17 10:49:49.175494,13.9316,75.5679,0.3936382830142975
2025-06-17 10:49:49.735924,13.9316,75.5679,0.5845206379890442
2025-06-17 10:49:50.198702,13.9316,75.5679,0.260776162147522
2025-06-17 10:49:50.720666,13.9316,75.5679,0.3215191960334778
2025-06-17 10:49:51.803250,13.9316,75.5679,0.30408820509910583
2025-06-17 10:49:52.400701,13.9316,75.5679,0.3285174071788788
2025-06-17 10:49:52.746013,13.9316,75.5679,0.28224849700927734
2025-06-17 10:49:53.224471,13.9316,75.5679,0.3099730610847473
2025-06-17 10:49:53.690291,13.9316,75.5679,0.3622702360153198
2025-06-17 10:49:54.037128,13.9316,75.5679,0.2914491593837738
2025-06-17 10:49:54.493451,13.9316,75.5679,0.43987715244293213
2025-06-17 10:49:54.799506,13.9316,75.5679,0.28983941674232483
2025-06-17 10:49:55.244205,13.9316,75.5679,0.4192342758178711
2025-06-17 10:49:55.659122,13.9316,75.5679,0.29615920782089233
2025-06-17 10:49:56.224845,13.9316,75.5679,0.36798369884490967
2025-06-17 10:49:56.725351,13.9316,75.5679,0.36608800292015076
2025-06-17 10:49:57.536335,13.9316,75.5679,0.27481430768966675
2025-06-17 10:49:58.272154,13.9316,75.5679,0.45991507172584534
2025-06-17 10:49:58.742181,13.9316,75.5679,0.2681443989276886
2025-06-17 10:50:01.878595,13.9316,75.5679,0.2893749475479126
2025-06-17 10:50:02.323353,13.9316,75.5679,0.5506297945976257
2025-06-17 10:50:02.742050,13.9316,75.5679,0.38722214102745056
2025-06-17 10:50:03.173082,13.9316,75.5679,0.36704590916633606
2025-06-17 10:50:03.591196,13.9316,75.5679,0.40069952607154846
2025-06-17 10:50:04.041382,13.9316,75.5679,0.5466052889823914
2025-06-17 10:50:04.596429,13.9316,75.5679,0.4629884958267212
2025-06-17 10:50:05.175372,13.9316,75.5679,0.26075270771980286
2025-06-17 22:08:03.690988,12.9719,77.5937,0.6591160297393799
2025-06-17 22:08:04.367673,12.9719,77.5937,0.6398606300354004
2025-06-17 22:08:04.988546,12.9719,77.5937,0.4385043680667877
2025-06-17 22:08:05.595032,12.9719,77.5937,0.5650433301925659
2025-06-17 22:08:06.203198,12.9719,77.5937,0.5520285964012146
2025-06-17 22:08:06.818221,12.9719,77.5937,0.6164970993995667
2025-06-17 22:08:07.345555,12.9719,77.5937,0.562782883644104
2025-06-17 22:08:07.847582,12.9719,77.5937,0.6050677299499512
2025-06-17 22:08:08.470272,12.9719,77.5937,0.43715351819992065
2025-06-17 22:08:09.084227,12.9719,77.5937,0.5969436168670654
2025-06-17 22:08:09.692674,12.9719,77.5937,0.6262112259864807
2025-06-17 22:08:10.302929,12.9719,77.5937,0.5847306251525879
2025-06-17 22:08:11.023611,12.9719,77.5937,0.5299575328826904
2025-06-17 22:08:11.748432,12.9719,77.5937,0.5754933953285217
2025-06-17 22:08:34.377517,12.9719,77.5937,0.36827990412712097
2025-06-17 22:08:35.189231,12.9719,77.5937,0.4498922526836395
2025-06-17 22:08:35.710067,12.9719,77.5937,0.2833808362483978
2025-06-17 22:08:40.112887,12.9719,77.5937,0.4997074007987976
2025-06-17 22:08:43.170508,12.9719,77.5937,0.38311389088630676
2025-06-17 22:08:43.798620,12.9719,77.5937,0.601729154586792
2025-06-17 22:08:44.414441,12.9719,77.5937,0.6224642395973206
2025-06-17 22:09:22.293076,12.9719,77.5937,0.29751408100128174
2025-06-17 22:09:23.827392,12.9719,77.5937,0.2519031763076782
2025-06-17 22:09:24.454363,12.9719,77.5937,0.4034896194934845
2025-06-17 22:09:25.372084,12.9719,77.5937,0.3015926480293274
2025-06-17 22:09:25.783339,12.9719,77.5937,0.25458693504333496
2025-06-17 22:09:26.398929,12.9719,77.5937,0.3359437584877014
2025-06-17 22:09:27.828693,12.9719,77.5937,0.32001209259033203
2025-06-17 22:09:28.446473,12.9719,77.5937,0.2672150433063507
2025-06-17 22:09:29.264321,12.9719,77.5937,0.3573532700538635
2025-06-17 22:09:32.130511,12.9719,77.5937,0.26637524366378784
2025-06-17 22:09:35.407855,12.9719,77.5937,0.3920333683490753
2025-06-17 22:09:36.126575,12.9719,77.5937,0.44434377551078796
2025-06-17 22:09:39.089356,12.9719,77.5937,0.6606981158256531
2025-06-17 22:09:42.681338,12.9719,77.5937,0.4368404150009155
2025-06-17 22:09:43.397346,12.9719,77.5937,0.44634661078453064
2025-06-17 22:09:44.114913,12.9719,77.5937,0.3639998435974121
2025-06-17 22:09:45.240475,12.9719,77.5937,0.31195196509361267
2025-06-17 22:09:45.956320,12.9719,77.5937,0.27151113748550415
2025-06-17 22:09:46.983023,12.9719,77.5937,0.2832091450691223
2025-06-17 22:09:47.595733,12.9719,77.5937,0.26290029287338257
2025-06-17 22:09:48.313837,12.9719,77.5937,0.5052444934844971
2025-06-17 22:09:48.923366,12.9719,77.5937,0.28272104263305664
2025-06-17 22:09:49.530916,12.9719,77.5937,0.5306533575057983
2025-06-17 22:09:50.154488,12.9719,77.5937,0.594903826713562
2025-06-17 22:09:50.858568,12.9719,77.5937,0.5272789001464844
2025-06-17 22:09:51.692199,12.9719,77.5937,0.33364611864089966
2025-06-17 22:09:54.150995,12.9719,77.5937,0.4946190118789673
2025-06-17 22:09:54.858730,12.9719,77.5937,0.32903677225112915
2025-06-17 22:09:55.478612,12.9719,77.5937,0.26616334915161133
2025-06-17 22:56:43,12.9719,77.5937,0.7279868125915527
2025-06-17 22:56:45,12.9719,77.5937,0.5174529552459717
2025-06-17 22:56:46,12.9719,77.5937,0.625280499458313
2025-06-17 22:56:46,12.9719,77.5937,0.5212464332580566
2025-06-17 22:56:47,12.9719,77.5937,0.858479917049408
2025-06-17 22:56:48,12.9719,77.5937,0.7690130472183228
2025-06-17 22:56:49,12.9719,77.5937,0.6248743534088135
2025-06-17 22:56:51,12.9719,77.5937,0.5033995509147644
2025-06-17 22:56:53,12.9719,77.5937,0.5610302686691284
2025-06-17 22:56:53,12.9719,77.5937,0.8193837404251099
2025-06-17 22:56:54,12.9719,77.5937,0.703942596912384
2025-06-17 22:56:55,12.9719,77.5937,0.5549668669700623
2025-06-17 22:56:55,12.9719,77.5937,0.6662738919258118
2025-06-17 22:56:56,12.9719,77.5937,0.7337555885314941
2025-06-17 22:56:57,12.9719,77.5937,0.8403193354606628
2025-06-17 22:56:58,12.9719,77.5937,0.8228801488876343
2025-06-17 22:57:02,12.9719,77.5937,0.8989512920379639
2025-06-17 22:57:03,12.9719,77.5937,0.6550255417823792
2025-06-17 22:57:05,12.9719,77.5937,0.6496573090553284
2025-06-17 22:57:06,12.9719,77.5937,0.5208073258399963
2025-06-17 22:57:06,12.9719,77.5937,0.5011590123176575
2025-06-17 22:57:07,12.9719,77.5937,0.5507733225822449
2025-06-17 22:57:08,12.9719,77.5937,0.6084656715393066
2025-06-17 22:57:09,12.9719,77.5937,0.619953989982605
2025-06-17 22:57:10,12.9719,77.5937,0.5171117782592773
2025-06-17 22:57:10,12.9719,77.5937,0.7787086963653564
2025-06-17 22:57:13,12.9719,77.5937,0.8643204569816589
2025-06-17 22:57:19,12.9719,77.5937,0.6109613180160522
2025-06-17 22:57:25,12.9719,77.5937,0.7482424974441528
2025-06-17 22:57:29,12.9719,77.5937,0.5500515699386597
2025-06-17 22:57:32,12.9719,77.5937,0.7859240770339966
2025-06-17 22:57:32,12.9719,77.5937,0.6180103421211243
2025-06-17 22:57:33,12.9719,77.5937,0.7785277962684631
2025-06-17 22:57:34,12.9719,77.5937,0.6799079775810242
2025-06-17 23:13:38.843756,12.9719,77.5937,0.5701738595962524
2025-06-17 23:13:40.253024,12.9719,77.5937,0.4784688651561737
2025-06-17 23:13:40.629082,12.9719,77.5937,0.2721003592014313
2025-06-17 23:13:41.128048,12.9719,77.5937,0.5058625936508179
2025-06-17 23:13:41.639458,12.9719,77.5937,0.2519902288913727
2025-06-17 23:13:42.088349,12.9719,77.5937,0.6340680718421936
2025-06-17 23:13:42.622263,12.9719,77.5937,0.43741708993911743
2025-06-17 23:13:43.136977,12.9719,77.5937,0.3112570345401764
2025-06-17 23:13:43.638987,12.9719,77.5937,0.3964992165565491
2025-06-17 23:13:44.141937,12.9719,77.5937,0.38352474570274353
2025-06-17 23:13:44.670431,12.9719,77.5937,0.38187408447265625
2025-06-17 23:13:45.170527,12.9719,77.5937,0.4893653094768524
2025-06-17 23:13:45.988522,12.9719,77.5937,0.26183101534843445
2025-06-17 23:13:48.650894,12.9719,77.5937,0.26189562678337097
2025-06-17 23:13:49.241774,12.9719,77.5937,0.4187106490135193
2025-06-17 23:13:49.765084,12.9719,77.5937,0.32393306493759155
2025-06-17 23:13:51.775132,12.9719,77.5937,0.2941519320011139
2025-06-17 23:13:58.522625,12.9719,77.5937,0.38563022017478943
2025-06-17 23:14:00.482658,12.9719,77.5937,0.3359793722629547
2025-06-17 23:14:00.972536,12.9719,77.5937,0.5729374289512634
2025-06-17 23:14:01.338628,12.9719,77.5937,0.43768370151519775
2025-06-17 23:14:01.855745,12.9719,77.5937,0.3687302768230438
2025-06-17 23:14:11.167796,12.9719,77.5937,0.2905527353286743
2025-06-17 23:14:12.618764,12.9719,77.5937,0.3288082778453827
2025-06-17 23:14:17.207452,12.9719,77.5937,0.5051037073135376
2025-06-17 23:14:17.679496,12.9719,77.5937,0.2794882357120514
2025-06-17 23:14:21.400458,12.9719,77.5937,0.2535722255706787
2025-06-17 23:14:21.924258,12.9719,77.5937,0.5975269675254822
2025-06-17 23:14:22.479274,12.9719,77.5937,0.40576857328414917
2025-06-17 23:14:22.866550,12.9719,77.5937,0.38030025362968445
2025-06-17 23:14:23.382605,12.9719,77.5937,0.2848471403121948
2025-06-17 23:14:23.885041,12.9719,77.5937,0.2815384864807129
2025-06-17 23:14:24.402072,12.9719,77.5937,0.28847479820251465
2025-06-17 23:14:24.914463,12.9719,77.5937,0.29357069730758667
2025-06-17 23:14:25.282170,12.9719,77.5937,0.28942978382110596
2025-06-17 23:14:25.795533,12.9719,77.5937,0.40564438700675964
2025-06-17 23:14:26.176902,12.9719,77.5937,0.2621763050556183
2025-06-17 23:14:26.703940,12.9719,77.5937,0.6012309193611145
2025-06-17 23:14:27.096174,12.9719,77.5937,0.3002854585647583
2025-06-17 23:14:27.590902,12.9719,77.5937,0.5205792188644409
2025-06-17 23:14:27.978621,12.9719,77.5937,0.47856974601745605
2025-06-17 23:14:28.485987,12.9719,77.5937,0.5456278324127197
2025-06-17 23:14:28.986396,12.9719,77.5937,0.48109185695648193
2025-06-17 23:14:29.853389,12.9719,77.5937,0.35581085085868835
2025-06-17 23:14:30.365073,12.9719,77.5937,0.3954024016857147
2025-06-17 23:14:30.888805,12.9719,77.5937,0.4111849367618561
2025-06-17 23:14:31.373153,12.9719,77.5937,0.45692333579063416
2025-06-17 23:14:31.867385,12.9719,77.5937,0.2507520914077759
2025-06-17 23:14:32.404716,12.9719,77.5937,0.3436163365840912
2025-06-17 23:14:33.551141,12.9719,77.5937,0.293805867433548
2025-06-17 23:14:34.822647,12.9719,77.5937,0.37743180990219116
2025-06-17 23:14:35.354586,12.9719,77.5937,0.3286702036857605
2025-06-17 23:14:37.839752,12.9719,77.5937,0.2591741979122162
2025-06-17 23:14:38.370133,12.9719,77.5937,0.3938121199607849
2025-06-17 23:14:38.753230,12.9719,77.5937,0.39160147309303284
2025-06-17 23:14:39.298804,12.9719,77.5937,0.3461276888847351
2025-06-17 23:14:39.840936,12.9719,77.5937,0.477613240480423
2025-06-17 23:14:40.372333,12.9719,77.5937,0.4654500484466553
2025-06-17 23:14:40.869337,12.9719,77.5937,0.37019068002700806
2025-06-17 23:14:41.482434,12.9719,77.5937,0.2861483097076416
2025-06-17 23:14:42.075540,12.9719,77.5937,0.258780300617218
2025-06-17 23:14:43.386662,12.9719,77.5937,0.2539263367652893
2025-06-17 23:14:44.218802,12.9719,77.5937,0.29535388946533203
2025-06-17 23:14:45.077603,12.9719,77.5937,0.49521806836128235
2025-06-17 23:14:45.581302,12.9719,77.5937,0.5269253253936768
2025-06-17 23:14:45.950882,12.9719,77.5937,0.2822931706905365
2025-06-17 23:14:46.478032,12.9719,77.5937,0.5577116012573242
2025-06-17 23:14:46.999374,12.9719,77.5937,0.4619375765323639
2025-06-17 23:14:47.513029,12.9719,77.5937,0.5528959631919861
2025-06-17 23:14:47.881509,12.9719,77.5937,0.2725513279438019
2025-06-17 23:14:48.371200,12.9719,77.5937,0.4035743176937103
2025-06-17 23:14:48.743639,12.9719,77.5937,0.25775304436683655
2025-06-17 23:14:49.354683,12.9719,77.5937,0.4063103199005127
2025-06-17 23:14:49.850586,12.9719,77.5937,0.6071606278419495
2025-06-17 23:14:50.320348,12.9719,77.5937,0.5776581764221191
2025-06-17 23:14:50.819769,12.9719,77.5937,0.6700935363769531
2025-06-17 23:14:51.266741,12.9719,77.5937,0.6826092600822449
2025-06-17 23:14:51.636850,12.9719,77.5937,0.3617253601551056
2025-06-17 23:14:52.121791,12.9719,77.5937,0.71107417345047
2025-06-17 23:14:52.504853,12.9719,77.5937,0.3731938600540161
2025-06-17 23:14:53.008597,12.9719,77.5937,0.6428050398826599
2025-06-17 23:14:53.649890,12.9719,77.5937,0.28108009696006775
2025-06-17 23:14:54.132413,12.9719,77.5937,0.25195565819740295
2025-06-17 23:14:58.402095,12.9719,77.5937,0.31023237109184265
2025-06-17 23:14:58.912807,12.9719,77.5937,0.36932235956192017
2025-06-17 23:14:59.463692,12.9719,77.5937,0.3337979018688202
2025-06-17 23:14:59.969390,12.9719,77.5937,0.3826497495174408
2025-06-17 23:15:00.483431,12.9719,77.5937,0.3271747827529907
2025-06-17 23:15:01.135605,12.9719,77.5937,0.29071304202079773
2025-06-17 23:15:01.587958,12.9719,77.5937,0.30263999104499817
2025-06-17 23:15:01.985770,12.9719,77.5937,0.2505570352077484
2025-06-17 23:15:02.496692,12.9719,77.5937,0.3510754406452179
2025-06-17 23:15:03.030409,12.9719,77.5937,0.4230104684829712
2025-06-17 23:15:03.413506,12.9719,77.5937,0.27725905179977417
2025-06-17 23:15:03.919433,12.9719,77.5937,0.3269023597240448
2025-06-17 23:15:05.018251,12.9719,77.5937,0.2817596197128296
2025-06-17 23:15:05.553537,12.9719,77.5937,0.2555064857006073
2025-06-17 23:15:06.197625,12.9719,77.5937,0.32822686433792114
2025-06-17 23:15:07.119888,12.9719,77.5937,0.2544182538986206
2025-06-17 23:15:12.678898,12.9719,77.5937,0.3263941705226898
2025-06-17 23:15:13.189132,12.9719,77.5937,0.3593663275241852
2025-06-17 23:15:13.704366,12.9719,77.5937,0.39138609170913696
2025-06-17 23:15:14.201067,12.9719,77.5937,0.4992066025733948
2025-06-17 23:15:14.652415,12.9719,77.5937,0.31290921568870544
2025-06-17 23:15:15.153369,12.9719,77.5937,0.2935540974140167
2025-06-17 23:15:15.661735,12.9719,77.5937,0.2651851177215576
2025-06-17 23:15:16.655186,12.9719,77.5937,0.3108409345149994
2025-06-17 23:15:17.200570,12.9719,77.5937,0.44122669100761414
2025-06-17 23:15:17.736896,12.9719,77.5937,0.29963284730911255
2025-06-17 23:15:18.297277,12.9719,77.5937,0.49149560928344727
2025-06-17 23:15:18.808203,12.9719,77.5937,0.4653930962085724
2025-06-17 23:15:19.306476,12.9719,77.5937,0.3101904094219208
2025-06-17 23:15:19.832627,12.9719,77.5937,0.2789575159549713
2025-06-17 23:15:20.365592,12.9719,77.5937,0.3104896545410156
2025-06-17 23:15:21.086498,12.9719,77.5937,0.3719635009765625
2025-06-17 23:15:21.582527,12.9719,77.5937,0.3870435953140259
2025-06-17 23:15:21.964050,12.9719,77.5937,0.32997927069664
2025-06-17 23:15:22.781534,12.9719,77.5937,0.3059585988521576
2025-06-17 23:15:23.251920,12.9719,77.5937,0.33097371459007263
2025-06-17 23:15:23.771193,12.9719,77.5937,0.36298802495002747
2025-06-17 23:15:24.296645,12.9719,77.5937,0.4159577488899231
2025-06-17 23:15:24.802176,12.9719,77.5937,0.34789225459098816
2025-06-17 23:15:25.300915,12.9719,77.5937,0.38059744238853455
2025-06-17 23:15:25.850319,12.9719,77.5937,0.5062576532363892
2025-06-17 23:15:26.863462,12.9719,77.5937,0.33964136242866516
2025-06-17 23:15:28.354781,12.9719,77.5937,0.298799991607666
2025-06-17 23:15:28.997530,12.9719,77.5937,0.31053048372268677
2025-06-17 23:15:29.519611,12.9719,77.5937,0.38001739978790283
2025-06-17 23:15:30.197950,12.9719,77.5937,0.3367515206336975
2025-06-17 23:15:30.691118,12.9719,77.5937,0.26942887902259827
2025-06-17 23:15:31.419499,12.9719,77.5937,0.28147172927856445
2025-06-17 23:15:31.920383,12.9719,77.5937,0.31185510754585266
2025-06-17 23:15:32.953823,12.9719,77.5937,0.2862722873687744
2025-06-18 14:38:18.603516,13.9316,75.5679,0.7327063083648682
2025-06-18 14:38:18.946070,13.9316,75.5679,0.35095664858818054
2025-06-18 14:38:19.548998,13.9316,75.5679,0.3363063633441925
2025-06-18 14:38:20.037905,13.9316,75.5679,0.7431216835975647
2025-06-18 14:38:20.478702,13.9316,75.5679,0.8503639101982117
2025-06-18 14:38:20.903485,13.9316,75.5679,0.8159509897232056
2025-06-18 14:38:21.501962,13.9316,75.5679,0.8081288933753967
2025-06-18 14:38:21.952194,13.9316,75.5679,0.7014412879943848
2025-06-18 14:38:22.418837,13.9316,75.5679,0.7716068029403687
2025-06-18 14:38:24.532042,13.9316,75.5679,0.7254558205604553
2025-06-18 14:38:25.306003,13.9316,75.5679,0.6386269330978394
2025-06-18 14:38:25.626356,13.9316,75.5679,0.5525578856468201
2025-06-18 14:38:25.959089,13.9316,75.5679,0.48461756110191345
2025-06-18 14:38:26.452370,13.9316,75.5679,0.5408122539520264
2025-06-18 14:38:26.783074,13.9316,75.5679,0.2970873713493347
2025-06-18 14:38:27.370166,13.9316,75.5679,0.3093121647834778
2025-06-18 14:38:27.687082,13.9316,75.5679,0.2895134389400482
2025-06-18 14:38:28.614352,13.9316,75.5679,0.4825189411640167
2025-06-18 14:38:28.952655,13.9316,75.5679,0.28827184438705444
2025-06-18 14:38:29.400528,13.9316,75.5679,0.36603280901908875
2025-06-18 14:38:29.926375,13.9316,75.5679,0.3275451958179474
2025-06-18 14:38:30.360945,13.9316,75.5679,0.34206974506378174
2025-06-18 14:38:30.971604,13.9316,75.5679,0.2867976427078247
2025-06-18 14:38:31.422598,13.9316,75.5679,0.41617459058761597
2025-06-18 14:38:31.869875,13.9316,75.5679,0.6839509606361389
2025-06-18 14:38:32.280496,13.9316,75.5679,0.35855937004089355
2025-06-18 14:38:32.770158,13.9316,75.5679,0.5060497522354126
2025-06-18 14:38:34.019204,13.9316,75.5679,0.2599889934062958
2025-06-18 14:38:37.637284,13.9316,75.5679,0.6044512987136841
2025-06-18 14:38:41.304711,13.9316,75.5679,0.34118011593818665
2025-06-18 14:38:41.727141,13.9316,75.5679,0.34165850281715393
2025-06-18 14:38:42.133182,13.9316,75.5679,0.42540374398231506
2025-06-18 14:38:44.779304,13.9316,75.5679,0.3544543385505676
2025-06-18 14:38:45.277948,13.9316,75.5679,0.5658594369888306
2025-06-18 14:38:45.797211,13.9316,75.5679,0.2681465446949005
2025-06-18 14:38:46.823128,13.9316,75.5679,0.2597777843475342
2025-06-18 14:38:50.300675,13.9316,75.5679,0.283075213432312
2025-06-18 14:38:50.808280,13.9316,75.5679,0.2585205137729645
2025-06-18 14:38:53.070498,13.9316,75.5679,0.27132898569107056
2025-06-18 14:38:53.683962,13.9316,75.5679,0.7847305536270142
2025-06-18 14:38:54.809961,13.9316,75.5679,0.2975004315376282
2025-06-18 14:38:55.422521,13.9316,75.5679,0.3042649030685425
2025-06-18 14:38:56.849645,13.9316,75.5679,0.3175705075263977
2025-06-18 14:38:57.371190,13.9316,75.5679,0.28683212399482727
2025-06-18 14:39:01.976765,13.9316,75.5679,0.279908150434494
2025-06-18 14:39:02.388782,13.9316,75.5679,0.2582574188709259
2025-06-18 14:39:03.003785,13.9316,75.5679,0.6612635254859924
2025-06-18 14:39:03.515929,13.9316,75.5679,0.50450599193573
2025-06-18 14:39:04.020365,13.9316,75.5679,0.2747013568878174
2025-06-18 14:39:04.629137,13.9316,75.5679,0.31471532583236694
2025-06-18 14:39:05.152217,13.9316,75.5679,0.3733561635017395
2025-06-18 14:39:05.767573,13.9316,75.5679,0.2793160378932953
2025-06-18 14:39:06.268083,13.9316,75.5679,0.26525044441223145
2025-06-18 14:39:06.996815,13.9316,75.5679,0.28267332911491394
2025-06-18 14:39:07.612224,13.9316,75.5679,0.26540887355804443
2025-06-18 14:39:08.327585,13.9316,75.5679,0.25012093782424927
2025-06-18 14:39:08.841090,13.9316,75.5679,0.3579336404800415
2025-06-18 14:39:09.272773,13.9316,75.5679,0.31488776206970215
2025-06-18 14:39:09.765293,13.9316,75.5679,0.3402448296546936
2025-06-18 14:39:10.476971,13.9316,75.5679,0.26071950793266296
2025-06-18 14:39:11.094815,13.9316,75.5679,0.36915385723114014
2025-06-18 14:39:11.509027,13.9316,75.5679,0.25553780794143677
2025-06-18 20:59:09.815270,12.9719,77.5937,0.6892394423484802
2025-06-18 20:59:10.518579,12.9719,77.5937,0.3488544225692749
2025-06-18 20:59:11.127455,12.9719,77.5937,0.41632577776908875
2025-06-18 20:59:12.984137,12.9719,77.5937,0.4804344177246094
2025-06-18 20:59:14.292556,12.9719,77.5937,0.252413272857666
2025-06-18 20:59:15.439729,12.9719,77.5937,0.46846237778663635
2025-06-18 20:59:19.645489,12.9719,77.5937,0.31902530789375305
2025-06-18 20:59:20.055797,12.9719,77.5937,0.30344322323799133
2025-06-18 20:59:20.759721,12.9719,77.5937,0.3835889995098114
2025-06-18 20:59:21.485689,12.9719,77.5937,0.494234174489975
2025-06-18 20:59:22.205120,12.9719,77.5937,0.6294373869895935
2025-06-18 20:59:22.820172,12.9719,77.5937,0.6044291257858276
2025-06-18 20:59:23.434392,12.9719,77.5937,0.3576371371746063
2025-06-18 20:59:24.354478,12.9719,77.5937,0.25325360894203186
2025-06-18 20:59:25.890569,12.9719,77.5937,0.2888678014278412
2025-06-18 20:59:27.726643,12.9719,77.5937,0.4574994742870331
2025-06-18 20:59:34.389348,12.9719,77.5937,0.4025361239910126
2025-06-18 20:59:35.108978,12.9719,77.5937,0.8634241223335266
2025-06-18 20:59:35.819490,12.9719,77.5937,0.8754808306694031
2025-06-18 20:59:36.540107,12.9719,77.5937,0.8884139657020569
2025-06-18 20:59:37.155378,12.9719,77.5937,0.8944421410560608
2025-06-18 20:59:37.665950,12.9719,77.5937,0.4028608500957489
2025-06-18 20:59:38.486424,12.9719,77.5937,0.5388895869255066
2025-06-18 20:59:39.204042,12.9719,77.5937,0.7813212275505066
2025-06-18 20:59:39.818954,12.9719,77.5937,0.7483639717102051
2025-06-18 20:59:40.432647,12.9719,77.5937,0.5403516292572021
2025-06-18 20:59:41.152082,12.9719,77.5937,0.7312127351760864
2025-06-18 20:59:41.867674,12.9719,77.5937,0.8944215774536133
2025-06-18 20:59:42.275986,12.9719,77.5937,0.3683888018131256
2025-06-18 20:59:42.991934,12.9719,77.5937,0.8838998079299927
2025-06-18 20:59:43.606875,12.9719,77.5937,0.45546141266822815
2025-06-18 20:59:44.323660,12.9719,77.5937,0.830414891242981
2025-06-18 20:59:44.733518,12.9719,77.5937,0.6826198101043701
2025-06-18 20:59:46.881755,12.9719,77.5937,0.6104845404624939
2025-06-18 20:59:47.498848,12.9719,77.5937,0.5257090330123901
2025-06-18 20:59:48.113063,12.9719,77.5937,0.3596957325935364
2025-06-18 20:59:48.830570,12.9719,77.5937,0.4254571795463562
2025-06-18 20:59:49.536774,12.9719,77.5937,0.3123866021633148
2025-06-18 20:59:50.365523,12.9719,77.5937,0.5387856364250183
2025-06-18 20:59:50.979486,12.9719,77.5937,0.7622967958450317
2025-06-18 20:59:51.388870,12.9719,77.5937,0.5881028175354004
2025-06-18 20:59:51.789208,12.9719,77.5937,0.4745405912399292
2025-06-18 20:59:52.207711,12.9719,77.5937,0.4173065721988678
2025-06-18 20:59:52.605655,12.9719,77.5937,0.30876535177230835
2025-06-18 20:59:53.022219,12.9719,77.5937,0.2765841782093048
2025-06-18 20:59:53.532168,12.9719,77.5937,0.251993328332901
2025-06-18 20:59:54.157062,12.9719,77.5937,0.6433075070381165
2025-06-18 20:59:54.766760,12.9719,77.5937,0.4197652041912079
2025-06-18 20:59:55.486726,12.9719,77.5937,0.8832099437713623
2025-06-18 20:59:55.887428,12.9719,77.5937,0.8773647546768188
2025-06-18 20:59:56.403198,12.9719,77.5937,0.7649171948432922
2025-06-18 20:59:56.817285,12.9719,77.5937,0.42171016335487366
2025-06-18 20:59:57.220558,12.9719,77.5937,0.41959044337272644
2025-06-18 20:59:57.841226,12.9719,77.5937,0.5576453804969788
2025-06-18 20:59:58.452836,12.9719,77.5937,0.8100523352622986
2025-06-18 20:59:58.971682,12.9719,77.5937,0.6525488495826721
2025-06-18 20:59:59.574002,12.9719,77.5937,0.416586697101593
2025-06-18 21:00:00.087176,12.9719,77.5937,0.41657260060310364
2025-06-18 21:00:00.913119,12.9719,77.5937,0.4825683832168579
2025-06-18 21:00:01.629758,12.9719,77.5937,0.7401024103164673
2025-06-18 21:00:02.039209,12.9719,77.5937,0.29709818959236145
2025-06-18 21:00:02.652643,12.9719,77.5937,0.773123562335968
2025-06-18 21:00:03.164651,12.9719,77.5937,0.7229989171028137
2025-06-18 21:00:03.677526,12.9719,77.5937,0.5765883326530457
2025-06-18 21:00:04.184975,12.9719,77.5937,0.47710028290748596
2025-06-18 21:00:04.702036,12.9719,77.5937,0.37059053778648376
2025-06-18 21:00:05.211608,12.9719,77.5937,0.2922537624835968
2025-06-18 21:00:05.827962,12.9719,77.5937,0.2646408677101135
2025-06-18 21:00:06.439363,12.9719,77.5937,0.8046640753746033
2025-06-18 21:00:07.670141,12.9719,77.5937,0.7754914164543152
2025-06-18 21:00:08.080737,12.9719,77.5937,0.7528315782546997
2025-06-18 21:00:08.490561,12.9719,77.5937,0.5903943181037903
2025-06-18 21:00:09.001037,12.9719,77.5937,0.5465457439422607
2025-06-18 21:00:09.504613,12.9719,77.5937,0.39430052042007446
2025-06-18 21:00:10.020485,12.9719,77.5937,0.28413283824920654
2025-06-18 21:00:14.328338,12.9719,77.5937,0.33358147740364075
2025-06-18 21:00:14.737417,12.9719,77.5937,0.28299960494041443
2025-06-18 21:00:20.775408,12.9719,77.5937,0.3645450174808502
2025-06-18 21:00:23.022102,12.9719,77.5937,0.3159886598587036
2025-06-18 21:00:24.568413,12.9719,77.5937,0.364566832780838
2025-06-18 21:00:25.387690,12.9719,77.5937,0.35742777585983276
2025-06-18 21:00:26.001432,12.9719,77.5937,0.2756351828575134
2025-06-18 21:00:26.615564,12.9719,77.5937,0.2813587486743927
2025-06-18 21:00:28.971574,12.9719,77.5937,0.3941357433795929
2025-06-18 21:00:31.008051,12.9719,77.5937,0.4643799662590027
2025-06-18 21:00:31.668912,12.9719,77.5937,0.8467229604721069
2025-06-18 21:00:32.249540,12.9719,77.5937,0.8313283920288086
2025-06-18 21:00:32.660025,12.9719,77.5937,0.7872949242591858
2025-06-18 21:00:33.168707,12.9719,77.5937,0.6666476726531982
2025-06-18 21:00:33.784029,12.9719,77.5937,0.6605588793754578
2025-06-18 21:00:34.189955,12.9719,77.5937,0.46301010251045227
2025-06-18 21:00:34.805849,12.9719,77.5937,0.2545621693134308
2025-06-18 21:00:35.626396,12.9719,77.5937,0.6443033814430237
2025-06-18 21:00:36.037592,12.9719,77.5937,0.6138840913772583
2025-06-18 21:00:36.650676,12.9719,77.5937,0.7219873666763306
2025-06-18 21:00:37.267390,12.9719,77.5937,0.6322707533836365
2025-06-18 21:00:37.778920,12.9719,77.5937,0.6053847074508667
2025-06-18 21:00:38.185725,12.9719,77.5937,0.5022705793380737
2025-06-18 21:00:38.803283,12.9719,77.5937,0.3037501573562622
2025-06-18 21:00:39.713092,12.9719,77.5937,0.8679668307304382
2025-06-18 21:00:40.334305,12.9719,77.5937,0.8569986820220947
2025-06-18 21:00:40.851341,12.9719,77.5937,0.46400731801986694
2025-06-18 21:00:41.466200,12.9719,77.5937,0.29998549818992615
2025-06-18 21:00:41.976630,12.9719,77.5937,0.25909507274627686
2025-06-18 21:00:42.593188,12.9719,77.5937,0.8699042797088623
2025-06-18 21:00:43.101574,12.9719,77.5937,0.7005794644355774
2025-06-18 21:00:43.511646,12.9719,77.5937,0.6575492024421692
2025-06-18 21:00:43.916055,12.9719,77.5937,0.6268596053123474
2025-06-18 21:00:44.322694,12.9719,77.5937,0.5348556041717529
2025-06-18 21:00:44.739572,12.9719,77.5937,0.4559507668018341
2025-06-18 21:00:45.253138,12.9719,77.5937,0.25314226746559143
2025-06-18 21:00:49.958333,12.9719,77.5937,0.6124541163444519
2025-06-18 21:00:55.490432,12.9719,77.5937,0.25161370635032654
2025-06-18 21:00:56.309623,12.9719,77.5937,0.48887044191360474
2025-06-18 21:00:56.927066,12.9719,77.5937,0.7835050225257874
2025-06-18 21:00:57.746738,12.9719,77.5937,0.4522051513195038
2025-06-18 21:00:58.770107,12.9719,77.5937,0.3052639067173004
2025-06-18 21:00:59.693342,12.9719,77.5937,0.4321996867656708
2025-06-18 21:01:01.021853,12.9719,77.5937,0.3161219358444214
2025-06-18 23:54:33.936064,12.9719,77.5937,0.29002657532691956
2025-06-18 23:54:48.032833,12.9719,77.5937,0.38537299633026123
2025-06-18 23:54:49.881540,12.9719,77.5937,0.5351959466934204
2025-06-18 23:54:50.598863,12.9719,77.5937,0.46071943640708923
2025-06-18 23:54:51.826635,12.9719,77.5937,0.2757563292980194
2025-06-18 23:54:52.667896,12.9719,77.5937,0.3294907808303833
2025-06-18 23:54:53.362004,12.9719,77.5937,0.3931931257247925
2025-06-18 23:54:54.793238,12.9719,77.5937,0.2824532687664032
2025-06-18 23:54:56.121275,12.9719,77.5937,0.26757222414016724
2025-06-18 23:54:57.351033,12.9719,77.5937,0.2721617519855499
2025-06-18 23:54:58.585458,12.9719,77.5937,0.25780412554740906
2025-06-18 23:54:59.505778,12.9719,77.5937,0.45910465717315674
2025-06-18 23:55:00.222084,12.9719,77.5937,0.2758305072784424
2025-06-18 23:55:01.967102,12.9719,77.5937,0.46020492911338806
2025-06-18 23:55:04.421458,12.9719,77.5937,0.391038715839386
2025-06-18 23:55:06.163342,12.9719,77.5937,0.37545302510261536
2025-06-18 23:55:06.777537,12.9719,77.5937,0.4692763686180115
2025-06-18 23:55:07.289001,12.9719,77.5937,0.312717080116272
2025-06-18 23:55:08.308015,12.9719,77.5937,0.424213707447052
2025-06-18 23:55:15.676555,12.9719,77.5937,0.592560350894928
2025-06-18 23:55:16.914437,12.9719,77.5937,0.27923423051834106
2025-06-18 23:55:17.527139,12.9719,77.5937,0.3196713626384735
2025-06-18 23:55:18.245267,12.9719,77.5937,0.44289371371269226
2025-06-18 23:55:18.860046,12.9719,77.5937,0.3462141752243042
2025-06-18 23:55:19.577027,12.9719,77.5937,0.31006404757499695
2025-06-18 23:55:20.294178,12.9719,77.5937,0.4007984399795532
2025-06-18 23:55:20.800999,12.9719,77.5937,0.2861781716346741
2025-06-18 23:55:21.832170,12.9719,77.5937,0.30188289284706116
2025-06-18 23:55:22.665233,12.9719,77.5937,0.2620129883289337
2025-06-18 23:55:23.468802,12.9719,77.5937,0.2787085473537445
2025-06-18 23:55:24.184942,12.9719,77.5937,0.3335457742214203
2025-06-18 23:55:24.901863,12.9719,77.5937,0.2649077773094177
2025-06-18 23:55:25.610591,12.9719,77.5937,0.29194211959838867
2025-06-18 23:55:27.052816,12.9719,77.5937,0.31227007508277893
2025-06-18 23:55:28.384137,12.9719,77.5937,0.35886090993881226
2025-06-18 23:55:28.998973,12.9719,77.5937,0.3457125723361969
2025-06-18 23:55:29.613067,12.9719,77.5937,0.2605225145816803
2025-06-18 23:55:31.034276,12.9719,77.5937,0.27527719736099243
2025-06-18 23:55:34.630888,12.9719,77.5937,0.26728394627571106
2025-06-18 23:55:35.857936,12.9719,77.5937,0.2763402462005615
2025-06-18 23:55:36.469852,12.9719,77.5937,0.3487936854362488
2025-06-18 23:55:37.292037,12.9719,77.5937,0.2830677330493927
2025-06-18 23:55:37.906756,12.9719,77.5937,0.34467199444770813
2025-06-18 23:55:38.623630,12.9719,77.5937,0.3160784840583801
2025-06-18 23:55:39.749110,12.9719,77.5937,0.29147499799728394
2025-06-18 23:55:41.388551,12.9719,77.5937,0.26363229751586914
2025-06-18 23:55:42.311446,12.9719,77.5937,0.2692767381668091
2025-06-18 23:55:43.126317,12.9719,77.5937,0.2769036293029785
2025-06-18 23:55:44.247806,12.9719,77.5937,0.26514866948127747
2025-06-18 23:55:45.276334,12.9719,77.5937,0.29920250177383423
2025-06-18 23:55:49.267530,12.9719,77.5937,0.288274884223938
2025-06-18 23:55:50.093616,12.9719,77.5937,0.41376712918281555
2025-06-18 23:55:50.898202,12.9719,77.5937,0.25037917494773865
2025-06-18 23:55:51.720521,12.9719,77.5937,0.26111432909965515
2025-06-18 23:55:52.440015,12.9719,77.5937,0.3070298433303833
2025-06-18 23:55:53.160869,12.9719,77.5937,0.2500860095024109
2025-06-18 23:55:53.770438,12.9719,77.5937,0.2826292812824249
2025-06-18 23:55:54.388894,12.9719,77.5937,0.278084397315979
2025-06-18 23:55:55.011056,12.9719,77.5937,0.2994600832462311
2025-06-18 23:55:55.623113,12.9719,77.5937,0.31036514043807983
2025-06-18 23:55:56.334116,12.9719,77.5937,0.3491598069667816
2025-06-18 23:55:56.953504,12.9719,77.5937,0.40876489877700806
2025-06-18 23:55:57.671981,12.9719,77.5937,0.2891637980937958
2025-06-18 23:55:59.002691,12.9719,77.5937,0.2575947344303131
2025-06-18 23:56:02.169461,12.9719,77.5937,0.2895658016204834
2025-06-18 23:56:03.509071,12.9719,77.5937,0.2667965888977051
2025-06-18 23:56:12.211760,12.9719,77.5937,0.30303043127059937
2025-06-18 23:56:13.130189,12.9719,77.5937,0.3293156027793884
2025-06-18 23:56:13.748292,12.9719,77.5937,0.2817820906639099
2025-06-18 23:56:17.023593,12.9719,77.5937,0.2679314613342285
2025-06-18 23:56:17.743292,12.9719,77.5937,0.28496024012565613
2025-06-20 00:29:44.534065,12.9719,77.5937,0.3187131881713867
2025-06-20 00:29:45.172948,12.9719,77.5937,0.9138538241386414
2025-06-20 00:29:45.727061,12.9719,77.5937,0.9064405560493469
2025-06-20 00:29:46.139398,12.9719,77.5937,0.3239474594593048
2025-06-20 00:29:46.701564,12.9719,77.5937,0.9108400940895081
2025-06-20 00:29:47.106082,12.9719,77.5937,0.28143373131752014
2025-06-20 00:29:47.665776,12.9719,77.5937,0.9107489585876465
2025-06-20 00:29:48.199474,12.9719,77.5937,0.8768422603607178
2025-06-20 00:29:48.723598,12.9719,77.5937,0.2564913034439087
2025-06-20 00:29:49.234271,12.9719,77.5937,0.8032664656639099
2025-06-20 00:29:49.631845,12.9719,77.5937,0.7439965009689331
2025-06-20 00:29:50.012762,12.9719,77.5937,0.6527270078659058
2025-06-20 00:29:50.407546,12.9719,77.5937,0.6194503903388977
2025-06-20 00:29:50.802130,12.9719,77.5937,0.4896133244037628
2025-06-20 00:29:51.209662,12.9719,77.5937,0.3994733989238739
2025-06-20 00:29:51.745648,12.9719,77.5937,0.8944918513298035
2025-06-20 00:29:52.150405,12.9719,77.5937,0.6213811039924622
2025-06-20 00:29:52.682733,12.9719,77.5937,0.8610632419586182
2025-06-20 00:29:53.081611,12.9719,77.5937,0.5307918190956116
2025-06-20 00:29:53.856230,12.9719,77.5937,0.6781036257743835
2025-06-20 00:29:54.236628,12.9719,77.5937,0.630344808101654
2025-06-20 00:29:54.624591,12.9719,77.5937,0.5552802085876465
2025-06-20 00:29:55.963054,12.9719,77.5937,0.34059956669807434
2025-06-20 00:29:56.366626,12.9719,77.5937,0.3000597655773163
2025-06-20 00:29:57.671397,12.9719,77.5937,0.8256396055221558
2025-06-20 00:29:58.085016,12.9719,77.5937,0.8191024661064148
2025-06-20 00:29:58.496933,12.9719,77.5937,0.7460839748382568
2025-06-20 00:29:58.866456,12.9719,77.5937,0.5546644926071167
2025-06-20 00:29:59.246051,12.9719,77.5937,0.5293278098106384
2025-06-20 00:29:59.662693,12.9719,77.5937,0.36013275384902954
2025-06-20 00:30:00.591402,12.9719,77.5937,0.3118186593055725
2025-06-20 00:30:08.783370,12.9719,77.5937,0.3218964636325836
2025-06-20 00:30:09.405279,12.9719,77.5937,0.6358163952827454
2025-06-20 00:30:12.979773,12.9719,77.5937,0.29153355956077576
2025-06-20 00:30:13.703957,12.9719,77.5937,0.6422476172447205
2025-06-20 00:30:14.414957,12.9719,77.5937,0.5816484093666077
2025-06-20 00:30:15.106742,12.9719,77.5937,0.5956864356994629
2025-06-20 00:30:15.847965,12.9719,77.5937,0.2602372467517853
2025-06-20 00:30:18.207868,12.9719,77.5937,0.31580448150634766
2025-06-20 00:30:20.149133,12.9719,77.5937,0.6491966247558594
2025-06-20 00:30:20.766820,12.9719,77.5937,0.8409618735313416
2025-06-20 00:30:21.148540,12.9719,77.5937,0.7712753415107727
2025-06-20 00:30:22.196724,12.9719,77.5937,0.8647804260253906
2025-06-20 00:30:22.914431,12.9719,77.5937,0.3475962281227112
2025-06-20 00:30:24.040330,12.9719,77.5937,0.4764408469200134
2025-06-20 00:30:24.652290,12.9719,77.5937,0.8007870316505432
2025-06-20 00:30:25.166489,12.9719,77.5937,0.685716986656189
2025-06-20 00:30:25.877434,12.9719,77.5937,0.26983368396759033
2025-06-20 00:30:28.952249,12.9719,77.5937,0.6485550403594971
2025-06-20 00:30:29.566137,12.9719,77.5937,0.7873127460479736
2025-06-20 00:30:30.184807,12.9719,77.5937,0.6756907105445862
2025-06-20 00:30:30.591555,12.9719,77.5937,0.4431733787059784
2025-06-20 00:30:31.000697,12.9719,77.5937,0.4164435863494873
2025-06-20 00:30:31.413829,12.9719,77.5937,0.32921865582466125
2025-06-20 00:30:32.130100,12.9719,77.5937,0.8912714719772339
2025-06-20 00:30:32.638240,12.9719,77.5937,0.8725717067718506
2025-06-20 00:30:33.260325,12.9719,77.5937,0.7832688689231873
2025-06-20 00:30:33.871673,12.9719,77.5937,0.7461777329444885
2025-06-20 00:30:34.486272,12.9719,77.5937,0.605075478553772
2025-06-20 00:30:35.100949,12.9719,77.5937,0.5129969716072083
2025-06-20 00:30:35.610987,12.9719,77.5937,0.42579177021980286
2025-06-20 00:30:36.536269,12.9719,77.5937,0.2510317265987396
2025-06-20 00:30:37.353018,12.9719,77.5937,0.2887883484363556
2025-06-20 00:30:39.196873,12.9719,77.5937,0.26781657338142395
2025-06-20 00:30:39.912965,12.9719,77.5937,0.3839870095252991
2025-06-20 00:30:40.631370,12.9719,77.5937,0.4659099578857422
2025-06-20 00:30:41.448789,12.9719,77.5937,0.3162374794483185
2025-06-20 00:30:42.262870,12.9719,77.5937,0.26576608419418335
2025-06-20 00:30:42.985037,12.9719,77.5937,0.5166450142860413
2025-06-20 00:30:43.702002,12.9719,77.5937,0.5629357695579529
2025-06-20 00:30:44.316886,12.9719,77.5937,0.5562265515327454
2025-06-20 00:30:45.093367,12.9719,77.5937,0.3550962209701538
2025-06-20 00:30:47.081218,12.9719,77.5937,0.376987487077713
2025-06-20 00:30:47.694068,12.9719,77.5937,0.2863655984401703
2025-06-20 00:30:48.618312,12.9719,77.5937,0.30388355255126953
2025-06-20 00:30:49.438645,12.9719,77.5937,0.2699104845523834
2025-06-20 00:30:50.051718,12.9719,77.5937,0.3783921003341675
2025-06-20 00:30:50.665391,12.9719,77.5937,0.2654263377189636
2025-06-20 00:30:51.282990,12.9719,77.5937,0.3878234028816223
2025-06-20 00:30:51.893384,12.9719,77.5937,0.2829876244068146
2025-06-20 00:30:53.429476,12.9719,77.5937,0.26829805970191956
2025-06-20 00:30:54.148724,12.9719,77.5937,0.4152437448501587
2025-06-20 00:30:54.864511,12.9719,77.5937,0.3268652558326721
2025-06-20 00:30:56.094195,12.9719,77.5937,0.3393102288246155
2025-06-20 00:30:56.809512,12.9719,77.5937,0.5423910617828369
2025-06-20 00:30:57.424692,12.9719,77.5937,0.5891974568367004
2025-06-20 00:30:58.049078,12.9719,77.5937,0.4489040970802307
2025-06-20 00:30:58.755730,12.9719,77.5937,0.3276084065437317
2025-06-20 00:31:00.184788,12.9719,77.5937,0.3281528055667877
2025-06-20 00:31:01.316186,12.9719,77.5937,0.2612883746623993
2025-06-20 00:31:02.031213,12.9719,77.5937,0.2809441387653351
2025-06-20 00:31:02.645863,12.9719,77.5937,0.27952492237091064
2025-06-20 00:31:03.261893,12.9719,77.5937,0.30459529161453247
2025-06-20 00:31:03.876869,12.9719,77.5937,0.4953659474849701
2025-06-20 00:31:04.490062,12.9719,77.5937,0.6428292393684387
2025-06-20 00:31:05.206706,12.9719,77.5937,0.5864708423614502
2025-06-20 00:31:05.821059,12.9719,77.5937,0.6305285692214966
2025-06-20 00:31:06.436386,12.9719,77.5937,0.707302987575531
2025-06-20 00:31:07.150037,12.9719,77.5937,0.648510217666626
2025-06-20 00:31:07.771117,12.9719,77.5937,0.7128996253013611
2025-06-20 00:31:08.383616,12.9719,77.5937,0.646223247051239
2025-06-20 00:31:08.994220,12.9719,77.5937,0.578194260597229
2025-06-20 00:31:09.603633,12.9719,77.5937,0.5936579704284668
2025-06-20 00:31:10.324680,12.9719,77.5937,0.690314531326294
2025-06-20 00:31:10.942318,12.9719,77.5937,0.6003784537315369
2025-06-20 00:31:11.557836,12.9719,77.5937,0.6966713070869446
2025-06-20 00:31:12.169908,12.9719,77.5937,0.5394365191459656
2025-06-20 00:31:12.888167,12.9719,77.5937,0.4180912673473358
2025-06-20 00:31:13.708050,12.9719,77.5937,0.49046170711517334
2025-06-20 00:31:14.320172,12.9719,77.5937,0.628854513168335
2025-06-20 00:31:14.933171,12.9719,77.5937,0.5073930025100708
2025-06-20 00:31:15.604823,12.9719,77.5937,0.5285308957099915
2025-06-20 00:31:16.368913,12.9719,77.5937,0.6448646187782288
2025-06-20 00:31:17.077565,12.9719,77.5937,0.3091326355934143
2025-06-20 00:31:17.701151,12.9719,77.5937,0.2841547429561615
2025-06-20 00:31:18.314643,12.9719,77.5937,0.4412456750869751
2025-06-20 00:31:19.032330,12.9719,77.5937,0.3660030961036682
2025-06-20 00:31:21.078796,12.9719,77.5937,0.36923009157180786
2025-06-20 00:31:21.685473,12.9719,77.5937,0.30124709010124207
2025-06-20 00:31:22.410463,12.9719,77.5937,0.5375680327415466
2025-06-20 00:31:23.228053,12.9719,77.5937,0.2556217908859253
2025-06-20 00:31:24.151866,12.9719,77.5937,0.2815856337547302
2025-06-20 00:31:25.073724,12.9719,77.5937,0.28799301385879517
2025-06-20 00:31:27.321751,12.9719,77.5937,0.3232934772968292
2025-06-20 00:31:28.255992,12.9719,77.5937,0.35170188546180725
2025-06-20 00:31:29.374644,12.9719,77.5937,0.4531298577785492
2025-06-20 00:31:30.602552,12.9719,77.5937,0.2569116950035095
2025-06-20 00:31:31.929891,12.9719,77.5937,0.31965625286102295
2025-06-20 00:31:32.652117,12.9719,77.5937,0.54109126329422
2025-06-20 00:31:33.583506,12.9719,77.5937,0.4039040505886078
2025-06-20 00:31:34.293486,12.9719,77.5937,0.4312320947647095
2025-06-20 00:31:34.907367,12.9719,77.5937,0.5077670216560364
2025-06-20 00:31:35.723914,12.9719,77.5937,0.26855745911598206
2025-06-20 00:31:36.849408,12.9719,77.5937,0.3078325092792511
2025-06-20 00:31:37.874653,12.9719,77.5937,0.28816062211990356
2025-06-20 15:18:41.591329,13.9316,75.5679,0.7141903638839722
2025-06-20 15:18:42.189382,13.9316,75.5679,0.5655274391174316
2025-06-20 15:18:56.366339,13.9316,75.5679,0.603506863117218
2025-06-20 15:18:56.860798,13.9316,75.5679,0.8365837931632996
2025-06-20 15:18:57.320277,13.9316,75.5679,0.8747740983963013
2025-06-20 15:18:57.799921,13.9316,75.5679,0.8154983520507812
2025-06-20 15:18:58.286647,13.9316,75.5679,0.7748711705207825
2025-06-20 15:18:58.736395,13.9316,75.5679,0.4901033043861389
2025-06-20 15:18:59.214728,13.9316,75.5679,0.5366052985191345
2025-06-20 15:18:59.685754,13.9316,75.5679,0.7751943469047546
2025-06-20 15:19:00.162762,13.9316,75.5679,0.7534836530685425
2025-06-20 15:19:00.647780,13.9316,75.5679,0.864937961101532
2025-06-20 15:19:01.121033,13.9316,75.5679,0.2538067102432251
2025-06-20 15:19:01.603244,13.9316,75.5679,0.7101791501045227
2025-06-20 15:19:06.069237,13.9316,75.5679,0.3630372881889343
2025-06-20 15:19:06.498234,13.9316,75.5679,0.8288290500640869
2025-06-20 15:19:07.012001,13.9316,75.5679,0.5440161228179932
2025-06-20 15:19:07.485666,13.9316,75.5679,0.3408315181732178
2025-06-20 15:19:08.078622,13.9316,75.5679,0.40227022767066956
2025-06-20 15:19:10.220651,13.9316,75.5679,0.2726091146469116
2025-06-20 15:19:10.832232,13.9316,75.5679,0.7893852591514587
2025-06-20 15:19:11.158521,13.9316,75.5679,0.27142173051834106
2025-06-20 15:19:11.629717,13.9316,75.5679,0.3054021894931793
2025-06-20 15:19:12.268177,13.9316,75.5679,0.27932342886924744
2025-06-20 15:19:12.700086,13.9316,75.5679,0.3584999144077301
2025-06-20 15:19:13.182425,13.9316,75.5679,0.33308786153793335
2025-06-20 15:19:14.252600,13.9316,75.5679,0.36707887053489685
2025-06-20 15:19:15.217230,13.9316,75.5679,0.303517609834671
2025-06-20 15:19:16.500586,13.9316,75.5679,0.39789867401123047
2025-06-20 15:19:19.347412,13.9316,75.5679,0.2898786962032318
2025-06-20 15:19:21.152305,13.9316,75.5679,0.26784300804138184
2025-06-20 15:19:22.907340,13.9316,75.5679,0.8666203618049622
2025-06-20 15:19:23.917408,13.9316,75.5679,0.42205941677093506
2025-06-20 15:19:24.338301,13.9316,75.5679,0.34040653705596924
2025-06-20 15:19:24.830760,13.9316,75.5679,0.2670382559299469
2025-06-20 15:19:25.301611,13.9316,75.5679,0.6106358170509338
2025-06-20 15:19:25.672136,13.9316,75.5679,0.45164167881011963
2025-06-20 15:19:26.014056,13.9316,75.5679,0.2927035391330719
2025-06-20 15:19:28.142411,13.9316,75.5679,0.2568111717700958
2025-06-20 15:19:28.623583,13.9316,75.5679,0.8365662097930908
2025-06-20 15:19:29.069823,13.9316,75.5679,0.8758917450904846
2025-06-20 15:19:29.581552,13.9316,75.5679,0.8719173669815063
2025-06-20 15:19:30.050333,13.9316,75.5679,0.8549056649208069
2025-06-20 15:19:30.573554,13.9316,75.5679,0.8345317244529724
2025-06-20 15:19:31.021876,13.9316,75.5679,0.8656919002532959
2025-06-20 15:19:31.469850,13.9316,75.5679,0.8892910480499268
2025-06-20 15:19:31.899559,13.9316,75.5679,0.900461733341217
2025-06-20 15:19:32.402800,13.9316,75.5679,0.9092789888381958
2025-06-20 15:19:32.774731,13.9316,75.5679,0.35812047123908997
2025-06-20 15:19:33.262910,13.9316,75.5679,0.8215975761413574
2025-06-20 15:19:33.708835,13.9316,75.5679,0.7883709073066711
2025-06-20 15:19:34.196599,13.9316,75.5679,0.8500559329986572
2025-06-20 15:19:34.639423,13.9316,75.5679,0.8561366200447083
2025-06-20 15:19:35.116073,13.9316,75.5679,0.8522821068763733
2025-06-20 15:19:35.550562,13.9316,75.5679,0.8270624876022339
2025-06-20 15:19:36.033451,13.9316,75.5679,0.8351423144340515
2025-06-20 15:19:36.501478,13.9316,75.5679,0.863945484161377
2025-06-20 15:19:36.979697,13.9316,75.5679,0.8787908554077148
2025-06-20 15:19:37.430512,13.9316,75.5679,0.8423068523406982
2025-06-20 15:19:37.946221,13.9316,75.5679,0.8246389031410217
2025-06-20 15:19:38.289301,13.9316,75.5679,0.2678990960121155
2025-06-20 15:19:38.766118,13.9316,75.5679,0.8673006296157837
2025-06-20 15:19:39.212178,13.9316,75.5679,0.8396585583686829
2025-06-20 15:19:39.700209,13.9316,75.5679,0.877240777015686
2025-06-20 15:19:40.190731,13.9316,75.5679,0.8223637938499451
2025-06-20 15:19:40.660107,13.9316,75.5679,0.8123669028282166
2025-06-20 15:19:41.104384,13.9316,75.5679,0.8415242433547974
2025-06-20 15:19:41.585561,13.9316,75.5679,0.8235240578651428
2025-06-20 15:19:42.085867,13.9316,75.5679,0.7992245554924011
2025-06-20 15:19:42.548362,13.9316,75.5679,0.8687192797660828
2025-06-20 15:19:43.039386,13.9316,75.5679,0.8718757629394531
2025-06-20 15:19:43.498484,13.9316,75.5679,0.8172710537910461
2025-06-20 15:19:43.983334,13.9316,75.5679,0.8555352687835693
2025-06-20 15:19:44.416175,13.9316,75.5679,0.4487600028514862
2025-06-20 15:19:44.909269,13.9316,75.5679,0.6235074400901794
2025-06-20 15:19:45.964364,13.9316,75.5679,0.33529582619667053
2025-06-20 15:19:46.771854,13.9316,75.5679,0.28541094064712524
2025-06-20 15:19:47.815718,13.9316,75.5679,0.25686728954315186
2025-06-20 15:19:49.036099,13.9316,75.5679,0.7344509363174438
2025-06-20 15:19:49.452004,13.9316,75.5679,0.7411692142486572
2025-06-20 15:19:49.962772,13.9316,75.5679,0.5125118494033813
2025-06-20 15:19:50.429634,13.9316,75.5679,0.3962983191013336
2025-06-20 15:19:51.822692,13.9316,75.5679,0.33532246947288513
2025-06-20 15:19:52.298482,13.9316,75.5679,0.3216996490955353
2025-06-20 15:19:52.899527,13.9316,75.5679,0.33108869194984436
2025-06-20 15:19:54.285366,13.9316,75.5679,0.3024701178073883
2025-06-20 15:19:54.798150,13.9316,75.5679,0.2576494812965393
2025-06-20 15:19:56.813204,13.9316,75.5679,0.7236794829368591
2025-06-20 15:19:57.160153,13.9316,75.5679,0.6913790702819824
2025-06-20 15:19:57.530893,13.9316,75.5679,0.31835320591926575
2025-06-20 15:19:57.997767,13.9316,75.5679,0.795540988445282
2025-06-20 15:19:58.358260,13.9316,75.5679,0.7749971747398376
2025-06-20 15:19:58.724832,13.9316,75.5679,0.6812639832496643
2025-06-20 15:19:59.070571,13.9316,75.5679,0.5634621977806091
2025-06-20 15:19:59.564161,13.9316,75.5679,0.8019121289253235
2025-06-20 15:19:59.924737,13.9316,75.5679,0.7805289030075073
2025-06-20 15:20:00.286989,13.9316,75.5679,0.7111890316009521
2025-06-20 15:20:00.642392,13.9316,75.5679,0.6157848834991455
2025-06-20 15:20:00.974198,13.9316,75.5679,0.4697172939777374
2025-06-20 15:20:01.356387,13.9316,75.5679,0.45886799693107605
2025-06-20 15:20:01.708612,13.9316,75.5679,0.33132699131965637
2025-06-20 15:20:02.217391,13.9316,75.5679,0.8138936161994934
2025-06-20 15:20:02.591253,13.9316,75.5679,0.8018274903297424
2025-06-20 15:20:02.938801,13.9316,75.5679,0.6491212248802185
2025-06-20 15:20:03.281365,13.9316,75.5679,0.4073198735713959
2025-06-20 15:20:03.783123,13.9316,75.5679,0.7839094996452332
2025-06-20 15:20:04.134631,13.9316,75.5679,0.5875223875045776
2025-06-20 15:20:04.493108,13.9316,75.5679,0.29290562868118286
2025-06-20 15:20:05.009039,13.9316,75.5679,0.473319947719574
2025-06-20 15:20:05.351241,13.9316,75.5679,0.41266578435897827
2025-06-20 15:20:05.836928,13.9316,75.5679,0.4980255663394928
2025-06-20 15:20:06.173576,13.9316,75.5679,0.3767879605293274
2025-06-20 15:20:06.632506,13.9316,75.5679,0.7961858510971069
2025-06-20 15:20:06.958133,13.9316,75.5679,0.493378221988678
2025-06-20 15:20:07.305584,13.9316,75.5679,0.42801448702812195
2025-06-20 15:20:07.801506,13.9316,75.5679,0.6869787573814392
2025-06-20 15:20:08.141667,13.9316,75.5679,0.4743508994579315
2025-06-20 15:20:08.492119,13.9316,75.5679,0.3867391347885132
2025-06-20 15:20:08.836897,13.9316,75.5679,0.30775704979896545
2025-06-20 15:20:09.314301,13.9316,75.5679,0.7098810076713562
2025-06-20 15:20:09.674227,13.9316,75.5679,0.5077473521232605
2025-06-20 15:20:10.035465,13.9316,75.5679,0.4073869287967682
2025-06-20 15:20:10.398412,13.9316,75.5679,0.2941223382949829
2025-06-20 15:20:10.739950,13.9316,75.5679,0.2501722276210785
2025-06-20 15:20:11.213938,13.9316,75.5679,0.624451756477356
2025-06-20 15:20:11.566427,13.9316,75.5679,0.4106976389884949
2025-06-20 15:20:11.919520,13.9316,75.5679,0.40501025319099426
2025-06-20 15:20:12.252222,13.9316,75.5679,0.2881360650062561
2025-06-20 15:20:12.764433,13.9316,75.5679,0.6520748734474182
2025-06-20 15:20:13.090288,13.9316,75.5679,0.6449376940727234
2025-06-20 15:20:13.455463,13.9316,75.5679,0.5893564224243164
2025-06-20 15:20:13.887424,13.9316,75.5679,0.7828984260559082
2025-06-20 15:20:14.238007,13.9316,75.5679,0.6884674429893494
2025-06-20 15:20:14.604629,13.9316,75.5679,0.6079190373420715
2025-06-20 15:20:14.939165,13.9316,75.5679,0.46797865629196167
2025-06-20 15:20:15.281011,13.9316,75.5679,0.28460198640823364
2025-06-20 15:20:15.763622,13.9316,75.5679,0.34580036997795105
2025-06-20 15:20:16.208311,13.9316,75.5679,0.3364196717739105
2025-06-20 15:20:16.700876,13.9316,75.5679,0.3834669291973114
2025-06-20 15:20:18.403508,13.9316,75.5679,0.31641173362731934
2025-06-20 15:20:18.904075,13.9316,75.5679,0.5177473425865173
2025-06-20 15:20:19.380827,13.9316,75.5679,0.5399774312973022
2025-06-20 15:20:19.870263,13.9316,75.5679,0.38608884811401367
2025-06-20 15:20:21.255576,13.9316,75.5679,0.26879045367240906
2025-06-20 15:20:21.709349,13.9316,75.5679,0.39125919342041016
2025-06-20 15:20:23.718191,13.9316,75.5679,0.30073457956314087
2025-06-20 15:20:25.134742,13.9316,75.5679,0.25603482127189636
2025-06-20 15:20:25.637794,13.9316,75.5679,0.3749005198478699
2025-06-20 15:20:26.197275,13.9316,75.5679,0.25567856431007385
2025-06-20 15:20:26.680160,13.9316,75.5679,0.36160698533058167
2025-06-20 15:20:27.167267,13.9316,75.5679,0.4929397404193878
2025-06-20 15:20:27.645402,13.9316,75.5679,0.31744369864463806
2025-06-20 15:20:35.664320,13.9316,75.5679,0.3546508550643921
2025-06-26 10:17:18.045803,12.9172,74.856,0.5496229529380798
2025-06-26 10:17:18.540881,12.9172,74.856,0.3252928555011749
2025-06-26 10:17:19.453298,12.9172,74.856,0.2621229290962219
2025-06-26 10:17:19.975569,12.9172,74.856,0.35636988282203674
2025-06-26 10:17:20.583130,12.9172,74.856,0.4021928608417511
2025-06-26 10:17:22.125623,12.9172,74.856,0.3981515169143677
2025-06-26 10:17:23.558667,12.9172,74.856,0.2700958549976349
2025-06-26 10:17:24.174386,12.9172,74.856,0.5931569933891296
2025-06-26 10:17:24.686773,12.9172,74.856,0.2720905542373657
2025-06-26 10:17:25.300426,12.9172,74.856,0.6653103828430176
2025-06-26 10:17:25.907750,12.9172,74.856,0.6814063191413879
2025-06-26 10:17:26.426763,12.9172,74.856,0.37101659178733826
2025-06-26 10:17:27.039778,12.9172,74.856,0.4104214906692505
2025-06-26 10:17:27.748418,12.9172,74.856,0.5747630000114441
2025-06-26 10:17:28.271727,12.9172,74.856,0.6945698261260986
2025-06-26 10:17:28.784520,12.9172,74.856,0.6629197001457214
2025-06-26 10:17:29.191041,12.9172,74.856,0.252261221408844
2025-06-26 10:17:29.807085,12.9172,74.856,0.5682967305183411
2025-06-26 10:17:30.425556,12.9172,74.856,0.5911464691162109
2025-06-26 10:17:31.027400,12.9172,74.856,0.592998206615448
2025-06-26 10:17:31.744931,12.9172,74.856,0.6568771600723267
2025-06-26 10:17:32.333682,12.9172,74.856,0.55126953125
2025-06-26 10:17:32.867856,12.9172,74.856,0.6760860681533813
2025-06-26 10:17:33.488489,12.9172,74.856,0.5658133029937744
2025-06-26 10:17:34.005078,12.9172,74.856,0.3527521789073944
2025-06-26 10:17:34.619399,12.9172,74.856,0.6534128785133362
2025-06-26 10:17:35.901839,12.9172,74.856,0.3357062041759491
2025-06-26 10:17:36.459959,12.9172,74.856,0.629561722278595
2025-06-26 10:17:36.875025,12.9172,74.856,0.32694125175476074
2025-06-26 10:17:37.483346,12.9172,74.856,0.6214665770530701
2025-06-26 10:17:38.816337,12.9172,74.856,0.2820710241794586
2025-06-26 10:17:39.432266,12.9172,74.856,0.5618644952774048
2025-06-26 10:17:39.942130,12.9172,74.856,0.29749810695648193
2025-06-26 10:17:40.559033,12.9172,74.856,0.5823562741279602
2025-06-26 10:17:41.086794,12.9172,74.856,0.6430610418319702
2025-06-26 10:17:41.479909,12.9172,74.856,0.28116995096206665
2025-06-26 10:17:41.999776,12.9172,74.856,0.796790599822998
2025-06-26 10:17:42.346761,12.9172,74.856,0.4022650420665741
2025-06-26 10:17:42.864621,12.9172,74.856,0.7111974954605103
2025-06-26 10:17:43.222542,12.9172,74.856,0.6680262088775635
2025-06-26 10:17:43.585502,12.9172,74.856,0.3551104962825775
2025-06-26 10:17:44.084288,12.9172,74.856,0.7129607796669006
2025-06-26 10:17:44.588426,12.9172,74.856,0.7552889585494995
2025-06-26 10:17:45.157203,12.9172,74.856,0.5233026146888733
2025-06-26 10:17:45.572843,12.9172,74.856,0.43388837575912476
2025-06-26 10:17:46.191215,12.9172,74.856,0.44696271419525146
2025-06-26 10:17:46.672109,12.9172,74.856,0.4206368327140808
2025-06-26 10:17:47.115011,12.9172,74.856,0.35360750555992126
2025-06-26 10:17:47.728445,12.9172,74.856,0.5209513306617737
2025-06-26 10:17:48.444028,12.9172,74.856,0.30719417333602905
2025-06-26 10:17:48.956268,12.9172,74.856,0.3028341829776764
2025-06-26 10:17:49.364739,12.9172,74.856,0.2551822066307068
2025-06-26 10:17:49.981464,12.9172,74.856,0.4141738712787628
2025-06-26 10:17:50.492394,12.9172,74.856,0.33281758427619934
2025-06-26 10:17:51.024613,12.9172,74.856,0.3736966848373413
2025-06-26 10:17:51.413641,12.9172,74.856,0.34865689277648926
2025-06-26 10:17:52.034891,12.9172,74.856,0.47343167662620544
2025-06-26 10:17:52.439132,12.9172,74.856,0.3982164263725281
2025-06-26 10:17:53.042046,12.9172,74.856,0.40633344650268555
2025-06-26 10:17:53.460462,12.9172,74.856,0.3684850335121155
2025-06-26 10:17:53.870352,12.9172,74.856,0.27153608202934265
2025-06-26 10:17:54.589294,12.9172,74.856,0.39808666706085205
2025-06-26 10:17:54.986439,12.9172,74.856,0.3537158966064453
2025-06-26 10:17:55.701004,12.9172,74.856,0.4046333134174347
2025-06-26 10:17:56.120215,12.9172,74.856,0.2906123399734497
2025-06-26 10:17:56.737714,12.9172,74.856,0.4112244248390198
2025-06-26 10:17:57.453319,12.9172,74.856,0.5338567495346069
2025-06-26 10:17:58.067787,12.9172,74.856,0.4373393654823303
2025-06-26 10:17:58.570185,12.9172,74.856,0.28221395611763
2025-06-26 10:17:59.092885,12.9172,74.856,0.278555303812027
2025-06-26 10:17:59.604915,12.9172,74.856,0.492059588432312
2025-06-26 10:18:00.118591,12.9172,74.856,0.5122401118278503
2025-06-26 10:18:00.731343,12.9172,74.856,0.2841220200061798
2025-06-26 10:18:01.443901,12.9172,74.856,0.6248534917831421
2025-06-26 10:18:01.852825,12.9172,74.856,0.25094959139823914
2025-06-26 10:18:02.564428,12.9172,74.856,0.4427301287651062
2025-06-26 10:18:02.986892,12.9172,74.856,0.3184412717819214
2025-06-26 10:18:03.589840,12.9172,74.856,0.4224126636981964
2025-06-26 10:18:04.206079,12.9172,74.856,0.40394654870033264
2025-06-26 10:18:04.720072,12.9172,74.856,0.26421213150024414
2025-06-26 10:18:05.326855,12.9172,74.856,0.35983213782310486
2025-06-26 10:18:05.852733,12.9172,74.856,0.32978567481040955
2025-06-26 10:18:06.774484,12.9172,74.856,0.30984511971473694
2025-06-26 10:18:07.284975,12.9172,74.856,0.27705493569374084
2025-06-26 10:18:08.824419,12.9172,74.856,0.5074881911277771
2025-06-26 10:18:09.431282,12.9172,74.856,0.6438251733779907
2025-06-26 10:18:10.051746,12.9172,74.856,0.7507050633430481
2025-06-26 10:18:10.666412,12.9172,74.856,0.726807177066803
2025-06-26 10:18:11.070172,12.9172,74.856,0.2875445485115051
2025-06-26 10:18:11.688965,12.9172,74.856,0.7179956436157227
2025-06-26 10:18:12.101108,12.9172,74.856,0.42129313945770264
2025-06-26 10:18:12.612092,12.9172,74.856,0.5124760270118713
2025-06-26 10:18:13.021268,12.9172,74.856,0.395456999540329
2025-06-26 10:18:13.632616,12.9172,74.856,0.28651145100593567
2025-06-26 10:18:14.331691,12.9172,74.856,0.42696914076805115
2025-06-26 10:18:14.762658,12.9172,74.856,0.28324228525161743
2025-06-26 10:18:15.390771,12.9172,74.856,0.3337210416793823
2025-06-26 10:18:15.989976,12.9172,74.856,0.508432924747467
2025-06-26 10:18:16.501268,12.9172,74.856,0.2793892025947571
2025-06-26 10:18:17.108603,12.9172,74.856,0.4459112286567688
2025-06-26 10:18:18.543650,12.9172,74.856,0.3282163739204407
2025-06-26 10:18:19.155646,12.9172,74.856,0.5210744738578796
2025-06-26 10:18:19.984484,12.9172,74.856,0.30939868092536926
2025-06-26 10:18:20.599956,12.9172,74.856,0.3570499122142792
2025-06-26 10:18:21.204642,12.9172,74.856,0.7813283801078796
2025-06-26 10:18:22.035891,12.9172,74.856,0.793860673904419
2025-06-26 10:18:22.635012,12.9172,74.856,0.7836140990257263
2025-06-26 10:18:23.241370,12.9172,74.856,0.7713918089866638
2025-06-26 10:18:23.673050,12.9172,74.856,0.3395027220249176
2025-06-26 10:18:24.273641,12.9172,74.856,0.7523255944252014
2025-06-26 10:18:24.695442,12.9172,74.856,0.29777631163597107
2025-06-26 10:18:25.306719,12.9172,74.856,0.6506468653678894
2025-06-26 10:18:25.827030,12.9172,74.856,0.6855218410491943
2025-06-26 10:18:26.431351,12.9172,74.856,0.6226462721824646
2025-06-26 10:18:26.844290,12.9172,74.856,0.3859604597091675
2025-06-26 10:18:27.453385,12.9172,74.856,0.27555933594703674
2025-06-26 10:18:28.174678,12.9172,74.856,0.32735925912857056
2025-06-26 10:18:28.587318,12.9172,74.856,0.29881617426872253
2025-06-26 10:18:28.994472,12.9172,74.856,0.26355651021003723
2025-06-26 10:18:29.512499,12.9172,74.856,0.34227320551872253
2025-06-26 10:18:30.121870,12.9172,74.856,0.42731189727783203
2025-06-26 10:18:30.532924,12.9172,74.856,0.2919027507305145
2025-06-26 10:18:31.044797,12.9172,74.856,0.49864646792411804
2025-06-26 10:18:31.453625,12.9172,74.856,0.37108927965164185
2025-06-26 10:18:32.068231,12.9172,74.856,0.4741707444190979
2025-06-26 10:18:32.683270,12.9172,74.856,0.47024592757225037
2025-06-26 10:18:33.294053,12.9172,74.856,0.5097537636756897
2025-06-26 10:18:33.904079,12.9172,74.856,0.6517172455787659
2025-06-26 10:18:34.523630,12.9172,74.856,0.6671410799026489
2025-06-26 10:18:35.138389,12.9172,74.856,0.7009763121604919
2025-06-26 10:18:35.744200,12.9172,74.856,0.6754599809646606
2025-06-26 10:18:36.369570,12.9172,74.856,0.27215662598609924
2025-06-26 10:18:36.983700,12.9172,74.856,0.7033722996711731
2025-06-26 10:18:37.495540,12.9172,74.856,0.6954285502433777
2025-06-26 10:18:38.007771,12.9172,74.856,0.25762271881103516
2025-06-26 10:18:38.706268,12.9172,74.856,0.49064451456069946
2025-06-26 10:18:39.134422,12.9172,74.856,0.4902052581310272
2025-06-26 10:18:39.536603,12.9172,74.856,0.28539618849754333
2025-06-26 10:18:40.130596,12.9172,74.856,0.5651727914810181
2025-06-26 10:18:40.551034,12.9172,74.856,0.31404438614845276
2025-06-26 10:18:40.971861,12.9172,74.856,0.3018355071544647
2025-06-26 10:18:41.594121,12.9172,74.856,0.5011212229728699
2025-06-26 10:18:42.105823,12.9172,74.856,0.4656763970851898
2025-06-26 10:18:42.705821,12.9172,74.856,0.5654836893081665
2025-06-26 10:18:43.100274,12.9172,74.856,0.45680639147758484
2025-06-26 10:18:43.845775,12.9172,74.856,0.565712571144104
2025-06-26 10:18:44.255292,12.9172,74.856,0.4448777139186859
2025-06-26 10:18:44.855220,12.9172,74.856,0.6356220245361328
2025-06-26 10:18:45.269823,12.9172,74.856,0.3961906433105469
2025-06-26 10:18:45.778816,12.9172,74.856,0.6916255950927734
2025-06-26 10:18:46.201051,12.9172,74.856,0.41471830010414124
2025-06-26 10:18:46.814396,12.9172,74.856,0.5890007615089417
2025-06-26 10:18:47.220286,12.9172,74.856,0.44924965500831604
2025-06-26 10:18:47.842028,12.9172,74.856,0.4787437915802002
2025-06-26 10:18:48.351160,12.9172,74.856,0.4547213613986969
2025-06-26 10:18:48.958879,12.9172,74.856,0.5596632361412048
2025-06-26 10:18:49.375943,12.9172,74.856,0.4763779938220978
2025-06-26 10:18:49.989998,12.9172,74.856,0.6604267954826355
2025-06-26 10:18:50.502938,12.9172,74.856,0.3656957149505615
2025-06-26 10:18:51.076336,12.9172,74.856,0.5814753770828247
2025-06-26 10:18:51.526888,12.9172,74.856,0.37712666392326355
2025-06-26 10:18:52.140834,12.9172,74.856,0.6593983769416809
2025-06-26 10:18:52.752123,12.9172,74.856,0.6581795811653137
2025-06-26 10:18:53.370689,12.9172,74.856,0.6571165919303894
2025-06-26 10:18:53.980945,12.9172,74.856,0.4716449975967407
2025-06-26 10:18:54.592955,12.9172,74.856,0.34288084506988525
2025-06-26 10:18:55.211797,12.9172,74.856,0.712506115436554
2025-06-26 10:18:55.618648,12.9172,74.856,0.3975432217121124
2025-06-26 10:18:56.235054,12.9172,74.856,0.5542483925819397
2025-06-26 10:18:56.850540,12.9172,74.856,0.6420773267745972
2025-06-26 10:18:57.359448,12.9172,74.856,0.45661914348602295
2025-06-26 10:18:57.977978,12.9172,74.856,0.7330676913261414
2025-06-26 10:18:58.798482,12.9172,74.856,0.6228387355804443
2025-06-26 10:19:00.119490,12.9172,74.856,0.7220997214317322
2025-06-26 10:19:00.537616,12.9172,74.856,0.6399683356285095
2025-06-26 10:19:01.153210,12.9172,74.856,0.6909202933311462
2025-06-26 10:19:01.663683,12.9172,74.856,0.6274656653404236
2025-06-26 10:19:02.176344,12.9172,74.856,0.27945083379745483
2025-06-26 10:19:02.788712,12.9172,74.856,0.7101526856422424
2025-06-26 10:19:03.201288,12.9172,74.856,0.6250050663948059
2025-06-26 10:19:03.602679,12.9172,74.856,0.4155931770801544
2025-06-26 10:19:04.222592,12.9172,74.856,0.7396033406257629
2025-06-26 10:19:04.633994,12.9172,74.856,0.615516722202301
2025-06-26 10:19:05.044697,12.9172,74.856,0.2935332655906677
2025-06-26 10:19:05.656169,12.9172,74.856,0.6205912828445435
2025-06-26 10:19:06.170146,12.9172,74.856,0.5849452614784241
2025-06-26 10:19:06.680940,12.9172,74.856,0.5510008931159973
2025-06-26 10:19:07.295415,12.9172,74.856,0.6825306415557861
2025-06-26 10:19:07.908897,12.9172,74.856,0.6763726472854614
2025-06-26 10:19:08.422560,12.9172,74.856,0.39420056343078613
2025-06-26 10:19:09.035420,12.9172,74.856,0.6898223161697388
2025-06-26 10:19:09.652721,12.9172,74.856,0.6384573578834534
2025-06-26 10:19:10.164889,12.9172,74.856,0.4622175097465515
2025-06-26 10:19:10.780728,12.9172,74.856,0.7518937587738037
2025-06-26 10:19:11.290139,12.9172,74.856,0.608992338180542
2025-06-26 10:19:11.800891,12.9172,74.856,0.5846725702285767
2025-06-26 10:19:12.504976,12.9172,74.856,0.6822977066040039
2025-06-26 10:19:13.031935,12.9172,74.856,0.6695091128349304
2025-06-26 10:19:13.556832,12.9172,74.856,0.4954708516597748
